Build started 9/18/2026 12:51:09 PM.
Environment at start of build:
MSBuildLoadMicrosoftTargetsReadOnly = true

Logging verbosity is set to: Diagnostic.12:51:09.576     1>Project "C:\Users\Administrator\Desktop\AbalienDiagramChaser\DiagramDetective.vcxproj" on node 2 (Build target(s)).
12:51:09.579     1>Target "_CheckForInvalidConfigurationAndPlatform: (TargetId:2)" in file "C:\Program Files\Microsoft Visual Studio\18\Insiders\MSBuild\Current\Bin\amd64\Microsoft.Common.CurrentVersion.targets" from project "C:\Users\Administrator\Desktop\AbalienDiagramChaser\DiagramDetective.vcxproj" (target "SetTelemetryEnvironmentVariables" depends on it):
12:51:09.593     1>Task "Message" (TaskId:2)
                   Done executing task "Message". (TaskId:2)
                   Task "Message" (TaskId:3)
                   Done executing task "Message". (TaskId:3)
12:51:09.594     1>Done building target "_CheckForInvalidConfigurationAndPlatform" in project "DiagramDetective.vcxproj".: (TargetId:2)
12:51:09.594     1>Target "SetTelemetryEnvironmentVariables: (TargetId:3)" in file "C:\Program Files\Microsoft Visual Studio\18\Insiders\MSBuild\Microsoft\VC\v180\Microsoft.Cpp.DesignTime.targets" from project "C:\Users\Administrator\Desktop\AbalienDiagramChaser\DiagramDetective.vcxproj" (target "Build" depends on it):
                   Task "SetEnv" (TaskId:4)
                   Done executing task "SetEnv". (TaskId:4)
                   Task "SetEnv" (TaskId:5)
                   Done executing task "SetEnv". (TaskId:5)
                   Task "SetEnv" (TaskId:6)
                   Done executing task "SetEnv". (TaskId:6)
                   Task "SetEnv" (TaskId:7)
                   Done executing task "SetEnv". (TaskId:7)
                   Task "SetEnv" (TaskId:8)
                   Done executing task "SetEnv". (TaskId:8)
                   Task "SetEnv" (TaskId:9)
                   Done executing task "SetEnv". (TaskId:9)
                   Task "SetEnv" (TaskId:10)
                   Done executing task "SetEnv". (TaskId:10)
12:51:09.603     1>Done building target "SetTelemetryEnvironmentVariables" in project "DiagramDetective.vcxproj".: (TargetId:3)
12:51:09.603     1>Target "_PrepareForBuild: (TargetId:4)" in file "C:\Program Files\Microsoft Visual Studio\18\Insiders\MSBuild\Microsoft\VC\v180\Microsoft.BuildSteps.Targets" from project "C:\Users\Administrator\Desktop\AbalienDiagramChaser\DiagramDetective.vcxproj" (target "Build" depends on it):
12:51:09.605     1>Done building target "_PrepareForBuild" in project "DiagramDetective.vcxproj".: (TargetId:4)
12:51:09.605     1>Target "_PrepareForReferenceResolution: (TargetId:5)" in file "C:\Program Files\Microsoft Visual Studio\18\Insiders\MSBuild\Microsoft\VC\v180\Microsoft.CppBuild.targets" from project "C:\Users\Administrator\Desktop\AbalienDiagramChaser\DiagramDetective.vcxproj" (target "ResolveReferences" depends on it):
12:51:09.605     1>Done building target "_PrepareForReferenceResolution" in project "DiagramDetective.vcxproj".: (TargetId:5)
12:51:09.606     1>Target "BeforeResolveReferences: (TargetId:6)" in file "C:\Program Files\Microsoft Visual Studio\18\Insiders\MSBuild\Current\Bin\amd64\Microsoft.Common.CurrentVersion.targets" from project "C:\Users\Administrator\Desktop\AbalienDiagramChaser\DiagramDetective.vcxproj" (target "ResolveReferences" depends on it):
12:51:09.606     1>Done building target "BeforeResolveReferences" in project "DiagramDetective.vcxproj".: (TargetId:6)
12:51:09.606     1>Target "IgnoreJavaScriptOutputAssembly: (TargetId:7)" in file "C:\Program Files\Microsoft Visual Studio\18\Insiders\MSBuild\Current\Bin\amd64\Microsoft.Common.CurrentVersion.targets" from project "C:\Users\Administrator\Desktop\AbalienDiagramChaser\DiagramDetective.vcxproj" (target "AssignProjectConfiguration" depends on it):
12:51:09.606     1>Done building target "IgnoreJavaScriptOutputAssembly" in project "DiagramDetective.vcxproj".: (TargetId:7)
12:51:09.606     1>Target "AssignProjectConfiguration: (TargetId:8)" in file "C:\Program Files\Microsoft Visual Studio\18\Insiders\MSBuild\Current\Bin\amd64\Microsoft.Common.CurrentVersion.targets" from project "C:\Users\Administrator\Desktop\AbalienDiagramChaser\DiagramDetective.vcxproj" (target "ResolveReferences" depends on it):
                   Task "AssignProjectConfiguration" (TaskId:11)
                   Done executing task "AssignProjectConfiguration". (TaskId:11)
12:51:09.607     1>Done building target "AssignProjectConfiguration" in project "DiagramDetective.vcxproj".: (TargetId:8)
12:51:09.607     1>Target "_SplitProjectReferencesByFileExistence: (TargetId:9)" in file "C:\Program Files\Microsoft Visual Studio\18\Insiders\MSBuild\Current\Bin\amd64\Microsoft.Common.CurrentVersion.targets" from project "C:\Users\Administrator\Desktop\AbalienDiagramChaser\DiagramDetective.vcxproj" (target "PrepareProjectReferences" depends on it):
12:51:09.607     1>Done building target "_SplitProjectReferencesByFileExistence" in project "DiagramDetective.vcxproj".: (TargetId:9)
12:51:09.607     1>Target "_AddOutputPathToGlobalPropertiesToRemove: (TargetId:10)" in file "C:\Program Files\Microsoft Visual Studio\18\Insiders\MSBuild\Current\Bin\amd64\Microsoft.Common.CurrentVersion.targets" from project "C:\Users\Administrator\Desktop\AbalienDiagramChaser\DiagramDetective.vcxproj" (target "_GetProjectReferenceTargetFrameworkProperties" depends on it):
12:51:09.607     1>Done building target "_AddOutputPathToGlobalPropertiesToRemove" in project "DiagramDetective.vcxproj".: (TargetId:10)
12:51:09.607     1>Target "_GetProjectReferenceTargetFrameworkProperties: (TargetId:11)" in file "C:\Program Files\Microsoft Visual Studio\18\Insiders\MSBuild\Current\Bin\amd64\Microsoft.Common.CurrentVersion.targets" from project "C:\Users\Administrator\Desktop\AbalienDiagramChaser\DiagramDetective.vcxproj" (target "PrepareProjectReferences" depends on it):
                   Task "MSBuild" (TaskId:12)
                   Done executing task "MSBuild". (TaskId:12)
                   Task "SetRidAgnosticValueForProjects" (TaskId:13)
                   Done executing task "SetRidAgnosticValueForProjects". (TaskId:13)
12:51:09.610     1>Done building target "_GetProjectReferenceTargetFrameworkProperties" in project "DiagramDetective.vcxproj".: (TargetId:11)
12:51:09.610     1>Target "PrepareProjectReferences: (TargetId:12)" in file "C:\Program Files\Microsoft Visual Studio\18\Insiders\MSBuild\Current\Bin\amd64\Microsoft.Common.CurrentVersion.targets" from project "C:\Users\Administrator\Desktop\AbalienDiagramChaser\DiagramDetective.vcxproj" (target "ResolveProjectReferences" depends on it):
12:51:09.610     1>Done building target "PrepareProjectReferences" in project "DiagramDetective.vcxproj".: (TargetId:12)
12:51:09.610     1>Target "ResolveProjectReferences: (TargetId:13)" in file "C:\Program Files\Microsoft Visual Studio\18\Insiders\MSBuild\Current\Bin\amd64\Microsoft.Common.CurrentVersion.targets" from project "C:\Users\Administrator\Desktop\AbalienDiagramChaser\DiagramDetective.vcxproj" (target "ResolveReferences" depends on it):
12:51:09.610     1>Done building target "ResolveProjectReferences" in project "DiagramDetective.vcxproj".: (TargetId:13)
12:51:09.610     1>Target "GetFrameworkPaths: (TargetId:14)" in file "C:\Program Files\Microsoft Visual Studio\18\Insiders\MSBuild\Current\Bin\amd64\Microsoft.Common.CurrentVersion.targets" from project "C:\Users\Administrator\Desktop\AbalienDiagramChaser\DiagramDetective.vcxproj" (target "ResolveAssemblyReferences" depends on it):
12:51:09.610     1>Done building target "GetFrameworkPaths" in project "DiagramDetective.vcxproj".: (TargetId:14)
12:51:09.610     1>Target "GetReferenceAssemblyPaths: (TargetId:15)" in file "C:\Program Files\Microsoft Visual Studio\18\Insiders\MSBuild\Current\Bin\amd64\Microsoft.Common.CurrentVersion.targets" from project "C:\Users\Administrator\Desktop\AbalienDiagramChaser\DiagramDetective.vcxproj" (target "ResolveAssemblyReferences" depends on it):
12:51:09.611     1>Done building target "GetReferenceAssemblyPaths" in project "DiagramDetective.vcxproj".: (TargetId:15)
12:51:09.611     1>Target "AddExternalIncludDirectoriesToPaths: (TargetId:16)" in file "C:\Program Files\Microsoft Visual Studio\18\Insiders\MSBuild\Microsoft\VC\v180\Microsoft.Cpp.Current.targets" from project "C:\Users\Administrator\Desktop\AbalienDiagramChaser\DiagramDetective.vcxproj" (target "SetBuildDefaultEnvironmentVariables" depends on it):
12:51:09.611     1>Done building target "AddExternalIncludDirectoriesToPaths" in project "DiagramDetective.vcxproj".: (TargetId:16)
12:51:09.611     1>Target "SetBuildDefaultEnvironmentVariables: (TargetId:17)" in file "C:\Program Files\Microsoft Visual Studio\18\Insiders\MSBuild\Microsoft\VC\v180\Microsoft.Cpp.Current.targets" from project "C:\Users\Administrator\Desktop\AbalienDiagramChaser\DiagramDetective.vcxproj" (target "PrepareForBuild" depends on it):
                   Task "SetEnv" (TaskId:14)
                   Done executing task "SetEnv". (TaskId:14)
                   Task "SetEnv" (TaskId:15)
                   Done executing task "SetEnv". (TaskId:15)
                   Task "SetEnv" (TaskId:16)
                   Done executing task "SetEnv". (TaskId:16)
                   Task "SetEnv" (TaskId:17)
                   Done executing task "SetEnv". (TaskId:17)
                   Task "SetEnv" (TaskId:18)
                   Done executing task "SetEnv". (TaskId:18)
12:51:09.612     1>Done building target "SetBuildDefaultEnvironmentVariables" in project "DiagramDetective.vcxproj".: (TargetId:17)
12:51:09.612     1>Target "GetResolvedWinMD: (TargetId:18)" in file "C:\Program Files\Microsoft Visual Studio\18\Insiders\MSBuild\Microsoft\VC\v180\Microsoft.CppBuild.targets" from project "C:\Users\Administrator\Desktop\AbalienDiagramChaser\DiagramDetective.vcxproj" (target "PrepareForBuild" depends on it):
12:51:09.613     1>Done building target "GetResolvedWinMD" in project "DiagramDetective.vcxproj".: (TargetId:18)
12:51:09.613     1>Target "_CheckWindowsSDKInstalled: (TargetId:19)" in file "C:\Program Files\Microsoft Visual Studio\18\Insiders\MSBuild\Microsoft\VC\v180\Microsoft.Cpp.WindowsSDK.targets" from project "C:\Users\Administrator\Desktop\AbalienDiagramChaser\DiagramDetective.vcxproj" (target "PrepareForBuild" depends on it):
12:51:09.613     1>Done building target "_CheckWindowsSDKInstalled" in project "DiagramDetective.vcxproj".: (TargetId:19)
12:51:09.613     1>Target "SetCABuildNativeEnvironmentVariables: (TargetId:20)" in file "C:\Program Files\Microsoft Visual Studio\18\Insiders\MSBuild\Microsoft\VisualStudio\v18.0\CodeAnalysis\Microsoft.CodeAnalysis.targets" from project "C:\Users\Administrator\Desktop\AbalienDiagramChaser\DiagramDetective.vcxproj" (target "PrepareForBuild" depends on it):
                   Task "SetEnv" (TaskId:19)
                   Done executing task "SetEnv". (TaskId:19)
12:51:09.613     1>Done building target "SetCABuildNativeEnvironmentVariables" in project "DiagramDetective.vcxproj".: (TargetId:20)
12:51:09.613     1>Target "PrepareForBuild: (TargetId:21)" in file "C:\Program Files\Microsoft Visual Studio\18\Insiders\MSBuild\Microsoft\VC\v180\Microsoft.CppBuild.targets" from project "C:\Users\Administrator\Desktop\AbalienDiagramChaser\DiagramDetective.vcxproj" (target "ResolveAssemblyReferences" depends on it):
                   Task "MakeDir" (TaskId:20)
                   Done executing task "MakeDir". (TaskId:20)
                   Task "CheckVCToolsetVersion" (TaskId:21)
                   Done executing task "CheckVCToolsetVersion". (TaskId:21)
                   Task "VCMessage" (TaskId:22)
                   Done executing task "VCMessage". (TaskId:22)
                   Task "MakeDir" (TaskId:23)
                   Done executing task "MakeDir". (TaskId:23)
12:51:09.624     1>Done building target "PrepareForBuild" in project "DiagramDetective.vcxproj".: (TargetId:21)
12:51:09.624     1>Target "ResolveSDKReferences: (TargetId:22)" in file "C:\Program Files\Microsoft Visual Studio\18\Insiders\MSBuild\Current\Bin\amd64\Microsoft.Common.CurrentVersion.targets" from project "C:\Users\Administrator\Desktop\AbalienDiagramChaser\DiagramDetective.vcxproj" (target "ResolveAssemblyReferences" depends on it):
12:51:09.624     1>Done building target "ResolveSDKReferences" in project "DiagramDetective.vcxproj".: (TargetId:22)
12:51:09.624     1>Target "ExpandSDKReferences: (TargetId:23)" in file "C:\Program Files\Microsoft Visual Studio\18\Insiders\MSBuild\Current\Bin\amd64\Microsoft.Common.CurrentVersion.targets" from project "C:\Users\Administrator\Desktop\AbalienDiagramChaser\DiagramDetective.vcxproj" (target "ResolveAssemblyReferences" depends on it):
12:51:09.624     1>Done building target "ExpandSDKReferences" in project "DiagramDetective.vcxproj".: (TargetId:23)
12:51:09.624     1>Target "ResolveAssemblyReferences: (TargetId:24)" in file "C:\Program Files\Microsoft Visual Studio\18\Insiders\MSBuild\Current\Bin\amd64\Microsoft.Common.CurrentVersion.targets" from project "C:\Users\Administrator\Desktop\AbalienDiagramChaser\DiagramDetective.vcxproj" (target "ResolveReferences" depends on it):
12:51:09.625     1>Done building target "ResolveAssemblyReferences" in project "DiagramDetective.vcxproj".: (TargetId:24)
12:51:09.625     1>Target "AfterResolveReferences: (TargetId:25)" in file "C:\Program Files\Microsoft Visual Studio\18\Insiders\MSBuild\Current\Bin\amd64\Microsoft.Common.CurrentVersion.targets" from project "C:\Users\Administrator\Desktop\AbalienDiagramChaser\DiagramDetective.vcxproj" (target "ResolveReferences" depends on it):
12:51:09.625     1>Done building target "AfterResolveReferences" in project "DiagramDetective.vcxproj".: (TargetId:25)
12:51:09.625     1>Target "ResolveReferences: (TargetId:26)" in file "C:\Program Files\Microsoft Visual Studio\18\Insiders\MSBuild\Current\Bin\amd64\Microsoft.Common.CurrentVersion.targets" from project "C:\Users\Administrator\Desktop\AbalienDiagramChaser\DiagramDetective.vcxproj" (target "Build" depends on it):
12:51:09.625     1>Done building target "ResolveReferences" in project "DiagramDetective.vcxproj".: (TargetId:26)
12:51:09.625     1>Target "InitializeBuildStatus: (TargetId:27)" in file "C:\Program Files\Microsoft Visual Studio\18\Insiders\MSBuild\Microsoft\VC\v180\Microsoft.CppBuild.targets" from project "C:\Users\Administrator\Desktop\AbalienDiagramChaser\DiagramDetective.vcxproj" (target "Build" depends on it):
                   Task "ReadLinesFromFile" (TaskId:24)
                   Done executing task "ReadLinesFromFile". (TaskId:24)
                   Task "WriteLinesToFile" (TaskId:25)
                   Done executing task "WriteLinesToFile". (TaskId:25)
                   Task "Touch" (TaskId:26)
                   Done executing task "Touch". (TaskId:26)
12:51:09.630     1>Done building target "InitializeBuildStatus" in project "DiagramDetective.vcxproj".: (TargetId:27)
12:51:09.630     1>Target "BuildGenerateSourcesTraverse: (TargetId:28)" in file "C:\Program Files\Microsoft Visual Studio\18\Insiders\MSBuild\Current\Bin\amd64\Microsoft.Common.CurrentVersion.targets" from project "C:\Users\Administrator\Desktop\AbalienDiagramChaser\DiagramDetective.vcxproj" (target "BuildGenerateSources" depends on it):
12:51:09.630     1>Done building target "BuildGenerateSourcesTraverse" in project "DiagramDetective.vcxproj".: (TargetId:28)
12:51:09.630     1>Target "BeforeBuildGenerateSources: (TargetId:29)" in file "C:\Program Files\Microsoft Visual Studio\18\Insiders\MSBuild\Microsoft\VC\v180\Microsoft.BuildSteps.Targets" from project "C:\Users\Administrator\Desktop\AbalienDiagramChaser\DiagramDetective.vcxproj" (target "_BuildGenerateSourcesAction" depends on it):
12:51:09.630     1>Done building target "BeforeBuildGenerateSources" in project "DiagramDetective.vcxproj".: (TargetId:29)
12:51:09.630     1>Target "PreBuildEvent: (TargetId:30)" in file "C:\Program Files\Microsoft Visual Studio\18\Insiders\MSBuild\Microsoft\VC\v180\Microsoft.CppCommon.targets" from project "C:\Users\Administrator\Desktop\AbalienDiagramChaser\DiagramDetective.vcxproj" (target "_BuildGenerateSourcesAction" depends on it):
12:51:09.630     1>Done building target "PreBuildEvent" in project "DiagramDetective.vcxproj".: (TargetId:30)
12:51:09.630     1>Target "_SelectedFiles: (TargetId:31)" in file "C:\Program Files\Microsoft Visual Studio\18\Insiders\MSBuild\Microsoft\VC\v180\Microsoft.CppBuild.targets" from project "C:\Users\Administrator\Desktop\AbalienDiagramChaser\DiagramDetective.vcxproj" (target "SelectCustomBuild" depends on it):
12:51:09.630     1>Done building target "_SelectedFiles" in project "DiagramDetective.vcxproj".: (TargetId:31)
12:51:09.630     1>Target "SelectCustomBuild: (TargetId:32)" in file "C:\Program Files\Microsoft Visual Studio\18\Insiders\MSBuild\Microsoft\VC\v180\Microsoft.CppBuild.targets" from project "C:\Users\Administrator\Desktop\AbalienDiagramChaser\DiagramDetective.vcxproj" (target "CustomBuild" depends on it):
12:51:09.630     1>Done building target "SelectCustomBuild" in project "DiagramDetective.vcxproj".: (TargetId:32)
12:51:09.631     1>Target "ComputeCustomBuildOutput: (TargetId:33)" in file "C:\Program Files\Microsoft Visual Studio\18\Insiders\MSBuild\Microsoft\VC\v180\Microsoft.CppBuild.targets" from project "C:\Users\Administrator\Desktop\AbalienDiagramChaser\DiagramDetective.vcxproj" (target "CustomBuild" depends on it):
                   Task "MakeDir" (TaskId:27)
                   Done executing task "MakeDir". (TaskId:27)
12:51:09.631     1>Done building target "ComputeCustomBuildOutput" in project "DiagramDetective.vcxproj".: (TargetId:33)
12:51:09.631     1>Target "CustomBuild: (TargetId:34)" in file "C:\Program Files\Microsoft Visual Studio\18\Insiders\MSBuild\Microsoft\VC\v180\Microsoft.CppCommon.targets" from project "C:\Users\Administrator\Desktop\AbalienDiagramChaser\DiagramDetective.vcxproj" (target "_BuildGenerateSourcesAction" depends on it):
                   Task "GetOutOfDateItems" (TaskId:28)
                   Done executing task "GetOutOfDateItems". (TaskId:28)
                   Task "GetOutOfDateItems" (TaskId:29)
                   Done executing task "GetOutOfDateItems". (TaskId:29)
12:51:09.639     1>Done building target "CustomBuild" in project "DiagramDetective.vcxproj".: (TargetId:34)
12:51:09.639     1>Target "CopyFileToFolders: (TargetId:35)" in file "C:\Program Files\Microsoft Visual Studio\18\Insiders\MSBuild\Microsoft\VC\v180\Microsoft.CppCommon.targets" from project "C:\Users\Administrator\Desktop\AbalienDiagramChaser\DiagramDetective.vcxproj" (target "_BuildGenerateSourcesAction" depends on it):
                   Task "GetOutOfDateItems" (TaskId:30)
                   Done executing task "GetOutOfDateItems". (TaskId:30)
12:51:09.640     1>Done building target "CopyFileToFolders" in project "DiagramDetective.vcxproj".: (TargetId:35)
12:51:09.640     1>Target "_Xsd: (TargetId:36)" in file "C:\Program Files\Microsoft Visual Studio\18\Insiders\MSBuild\Microsoft\VC\v180\Microsoft.CppBuild.targets" from project "C:\Users\Administrator\Desktop\AbalienDiagramChaser\DiagramDetective.vcxproj" (target "_BuildGenerateSourcesAction" depends on it):
12:51:09.640     1>Done building target "_Xsd" in project "DiagramDetective.vcxproj".: (TargetId:36)
12:51:09.640     1>Target "MakeDirsForMidl: (TargetId:37)" in file "C:\Program Files\Microsoft Visual Studio\18\Insiders\MSBuild\Microsoft\VC\v180\Microsoft.CppBuild.targets" from project "C:\Users\Administrator\Desktop\AbalienDiagramChaser\DiagramDetective.vcxproj" (target "_Midl" depends on it):
                   Task "Makedir" (TaskId:31)
                   Done executing task "Makedir". (TaskId:31)
12:51:09.640     1>Done building target "MakeDirsForMidl" in project "DiagramDetective.vcxproj".: (TargetId:37)
12:51:09.640     1>Target "ComputeMIDLGeneratedCompileInputs: (TargetId:38)" in file "C:\Program Files\Microsoft Visual Studio\18\Insiders\MSBuild\Microsoft\VC\v180\Microsoft.CppBuild.targets" from project "C:\Users\Administrator\Desktop\AbalienDiagramChaser\DiagramDetective.vcxproj" (target "_Midl" depends on it):
12:51:09.640     1>Done building target "ComputeMIDLGeneratedCompileInputs" in project "DiagramDetective.vcxproj".: (TargetId:38)
12:51:09.640     1>Target "AfterMidl: (TargetId:39)" in file "C:\Program Files\Microsoft Visual Studio\18\Insiders\MSBuild\Microsoft\VC\v180\Microsoft.CppBuild.targets" from project "C:\Users\Administrator\Desktop\AbalienDiagramChaser\DiagramDetective.vcxproj" (target "_Midl" depends on it):
12:51:09.640     1>Done building target "AfterMidl" in project "DiagramDetective.vcxproj".: (TargetId:39)
12:51:09.640     1>Target "_Midl: (TargetId:40)" in file "C:\Program Files\Microsoft Visual Studio\18\Insiders\MSBuild\Microsoft\VC\v180\Microsoft.CppBuild.targets" from project "C:\Users\Administrator\Desktop\AbalienDiagramChaser\DiagramDetective.vcxproj" (target "_BuildGenerateSourcesAction" depends on it):
12:51:09.640     1>Done building target "_Midl" in project "DiagramDetective.vcxproj".: (TargetId:40)
12:51:09.640     1>Target "AfterBuildGenerateSources: (TargetId:41)" in file "C:\Program Files\Microsoft Visual Studio\18\Insiders\MSBuild\Microsoft\VC\v180\Microsoft.BuildSteps.Targets" from project "C:\Users\Administrator\Desktop\AbalienDiagramChaser\DiagramDetective.vcxproj" (target "_BuildGenerateSourcesAction" depends on it):
12:51:09.640     1>Done building target "AfterBuildGenerateSources" in project "DiagramDetective.vcxproj".: (TargetId:41)
12:51:09.640     1>Target "AfterBuildGenerateSourcesEvent: (TargetId:42)" in file "C:\Program Files\Microsoft Visual Studio\18\Insiders\MSBuild\Microsoft\VC\v180\Microsoft.CppBuild.targets" from project "C:\Users\Administrator\Desktop\AbalienDiagramChaser\DiagramDetective.vcxproj" (target "_BuildGenerateSourcesAction" depends on it):
12:51:09.640     1>Done building target "AfterBuildGenerateSourcesEvent" in project "DiagramDetective.vcxproj".: (TargetId:42)
12:51:09.640     1>Target "_BuildGenerateSourcesAction: (TargetId:43)" in file "C:\Program Files\Microsoft Visual Studio\18\Insiders\MSBuild\Microsoft\VC\v180\Microsoft.CppBuild.targets" from project "C:\Users\Administrator\Desktop\AbalienDiagramChaser\DiagramDetective.vcxproj" (target "BuildGenerateSources" depends on it):
12:51:09.640     1>Done building target "_BuildGenerateSourcesAction" in project "DiagramDetective.vcxproj".: (TargetId:43)
12:51:09.640     1>Target "BuildGenerateSources: (TargetId:44)" in file "C:\Program Files\Microsoft Visual Studio\18\Insiders\MSBuild\Current\Bin\amd64\Microsoft.Common.CurrentVersion.targets" from project "C:\Users\Administrator\Desktop\AbalienDiagramChaser\DiagramDetective.vcxproj" (target "Build" depends on it):
12:51:09.640     1>Done building target "BuildGenerateSources" in project "DiagramDetective.vcxproj".: (TargetId:44)
12:51:09.640     1>Target "BuildCompileTraverse: (TargetId:45)" in file "C:\Program Files\Microsoft Visual Studio\18\Insiders\MSBuild\Current\Bin\amd64\Microsoft.Common.CurrentVersion.targets" from project "C:\Users\Administrator\Desktop\AbalienDiagramChaser\DiagramDetective.vcxproj" (target "BuildCompile" depends on it):
12:51:09.640     1>Done building target "BuildCompileTraverse" in project "DiagramDetective.vcxproj".: (TargetId:45)
12:51:09.640     1>Target "BeforeClCompile: (TargetId:46)" in file "C:\Program Files\Microsoft Visual Studio\18\Insiders\MSBuild\Microsoft\VC\v180\Microsoft.CppBuild.targets" from project "C:\Users\Administrator\Desktop\AbalienDiagramChaser\DiagramDetective.vcxproj" (target "_ClCompile" depends on it):
12:51:09.640     1>Done building target "BeforeClCompile" in project "DiagramDetective.vcxproj".: (TargetId:46)
12:51:09.640     1>Target "ComputeCLInputPDBName: (TargetId:47)" in file "C:\Program Files\Microsoft Visual Studio\18\Insiders\MSBuild\Microsoft\VC\v180\Microsoft.CppBuild.targets" from project "C:\Users\Administrator\Desktop\AbalienDiagramChaser\DiagramDetective.vcxproj" (target "_ClCompile" depends on it):
12:51:09.641     1>Done building target "ComputeCLInputPDBName" in project "DiagramDetective.vcxproj".: (TargetId:47)
12:51:09.641     1>Target "FindReferenceAssembliesForReferences: (TargetId:48)" in file "C:\Program Files\Microsoft Visual Studio\18\Insiders\MSBuild\Current\Bin\amd64\Microsoft.Common.CurrentVersion.targets" from project "C:\Users\Administrator\Desktop\AbalienDiagramChaser\DiagramDetective.vcxproj" (target "ComputeReferenceCLInput" depends on it):
12:51:09.641     1>Done building target "FindReferenceAssembliesForReferences" in project "DiagramDetective.vcxproj".: (TargetId:48)
12:51:09.641     1>Target "GetReferencedVCProjectsInfo: (TargetId:49)" in file "C:\Program Files\Microsoft Visual Studio\18\Insiders\MSBuild\Microsoft\VC\v180\Microsoft.CppBuild.targets" from project "C:\Users\Administrator\Desktop\AbalienDiagramChaser\DiagramDetective.vcxproj" (target "ComputeReferenceCLInput" depends on it):
12:51:09.641     1>Done building target "GetReferencedVCProjectsInfo" in project "DiagramDetective.vcxproj".: (TargetId:49)
12:51:09.641     1>Target "QtGetDefaultClCompile: (TargetId:50)" in file "C:\Users\Administrator\AppData\Local\QtMsBuild\qt_build.targets" from project "C:\Users\Administrator\Desktop\AbalienDiagramChaser\DiagramDetective.vcxproj" (target "ComputeReferenceCLInput" depends on it):
12:51:09.641     1>Done building target "QtGetDefaultClCompile" in project "DiagramDetective.vcxproj".: (TargetId:50)
12:51:09.641     1>Target "ComputeReferenceCLInput: (TargetId:51)" in file "C:\Program Files\Microsoft Visual Studio\18\Insiders\MSBuild\Microsoft\VC\v180\Microsoft.CppBuild.targets" from project "C:\Users\Administrator\Desktop\AbalienDiagramChaser\DiagramDetective.vcxproj" (target "_ClCompile" depends on it):
12:51:09.641     1>Done building target "ComputeReferenceCLInput" in project "DiagramDetective.vcxproj".: (TargetId:51)
12:51:09.641     1>Target "WarnCompileDuplicatedFilename: (TargetId:52)" in file "C:\Program Files\Microsoft Visual Studio\18\Insiders\MSBuild\Microsoft\VC\v180\Microsoft.CppBuild.targets" from project "C:\Users\Administrator\Desktop\AbalienDiagramChaser\DiagramDetective.vcxproj" (target "_ClCompile" depends on it):
12:51:09.644     1>Done building target "WarnCompileDuplicatedFilename" in project "DiagramDetective.vcxproj".: (TargetId:52)
12:51:09.644     1>Target "SetCppLanguageStandardCapabilities: (TargetId:53)" in file "C:\Program Files\Microsoft Visual Studio\18\Insiders\MSBuild\Microsoft\VC\v180\Microsoft.CppCommon.targets" from project "C:\Users\Administrator\Desktop\AbalienDiagramChaser\DiagramDetective.vcxproj" (target "ComputeStdModulesCompileInputs" depends on it):
12:51:09.645     1>Done building target "SetCppLanguageStandardCapabilities" in project "DiagramDetective.vcxproj".: (TargetId:53)
12:51:09.645     1>Target "ComputeStdModulesCompileInputs: (TargetId:54)" in file "C:\Program Files\Microsoft Visual Studio\18\Insiders\MSBuild\Microsoft\VC\v180\Microsoft.CppCommon.targets" from project "C:\Users\Administrator\Desktop\AbalienDiagramChaser\DiagramDetective.vcxproj" (target "_ClCompile" depends on it):
12:51:09.645     1>Done building target "ComputeStdModulesCompileInputs" in project "DiagramDetective.vcxproj".: (TargetId:54)
12:51:09.645     1>Target "QtPrepare: (TargetId:55)" in file "C:\Users\Administrator\AppData\Local\QtMsBuild\qt_globals.targets" from project "C:\Users\Administrator\Desktop\AbalienDiagramChaser\DiagramDetective.vcxproj" (target "QtVars" depends on it):
                   Task "Message" (TaskId:32)
                      Qt/MSBuild: 3.5.0.0 (TaskId:32)
                   Done executing task "Message". (TaskId:32)
                   Task "ReadLinesFromFile" (TaskId:33)
                   Done executing task "ReadLinesFromFile". (TaskId:33)
12:51:09.650     1>Done building target "QtPrepare" in project "DiagramDetective.vcxproj".: (TargetId:55)
12:51:09.652     1>Target "QtHash: (TargetId:56)" in file "C:\Users\Administrator\AppData\Local\QtMsBuild\qt_globals.targets" from project "C:\Users\Administrator\Desktop\AbalienDiagramChaser\DiagramDetective.vcxproj" (target "QtVars" depends on it):
                   Task "GetItemHash" (TaskId:34)
                   Done executing task "GetItemHash". (TaskId:34)
12:51:09.901     1>Done building target "QtHash" in project "DiagramDetective.vcxproj".: (TargetId:56)
12:51:09.902     1>Target "QtVarsPrepare: (TargetId:57)" in file "C:\Users\Administrator\AppData\Local\QtMsBuild\qt_vars.targets" from project "C:\Users\Administrator\Desktop\AbalienDiagramChaser\DiagramDetective.vcxproj" (target "QtVars" depends on it):
                   Task "MSBuild" (TaskId:35)
12:51:09.576     1>Project "C:\Users\Administrator\Desktop\AbalienDiagramChaser\DiagramDetective.vcxproj" (1) is building "C:\Users\Administrator\Desktop\AbalienDiagramChaser\DiagramDetective.vcxproj" (1:2) on node 2 (QtVarsRead target(s)).
12:51:09.903   1:2>Target "QtVarsRead: (TargetId:58)" in file "C:\Users\Administrator\AppData\Local\QtMsBuild\qt_vars.targets" from project "C:\Users\Administrator\Desktop\AbalienDiagramChaser\DiagramDetective.vcxproj" (entry point):
12:51:09.903   1:2>Task "ReadLinesFromFile" (TaskId:36)
                   Done executing task "ReadLinesFromFile". (TaskId:36)
                   Task "XmlPeek" (TaskId:37)
                   Done executing task "XmlPeek". (TaskId:37)
12:51:09.940   1:2>Done building target "QtVarsRead" in project "DiagramDetective.vcxproj".: (TargetId:58)
12:51:09.941   1:2>Done Building Project "C:\Users\Administrator\Desktop\AbalienDiagramChaser\DiagramDetective.vcxproj" (QtVarsRead target(s)).
12:51:09.944     1>Done executing task "MSBuild". (TaskId:35)
                   Task "CreateProperty" (TaskId:38)
                   Done executing task "CreateProperty". (TaskId:38)
12:51:09.945     1>Done building target "QtVarsPrepare" in project "DiagramDetective.vcxproj".: (TargetId:57)
12:51:09.945     1>Target "QtMocInit: (TargetId:59)" in file "C:\Users\Administrator\AppData\Local\QtMsBuild\moc\qtmoc.targets" from project "C:\Users\Administrator\Desktop\AbalienDiagramChaser\DiagramDetective.vcxproj" (target "QtVars" depends on it):
12:51:09.947     1>Done building target "QtMocInit" in project "DiagramDetective.vcxproj".: (TargetId:59)
12:51:09.947     1>Target "QtUicInit: (TargetId:60)" in file "C:\Users\Administrator\AppData\Local\QtMsBuild\uic\qtuic.targets" from project "C:\Users\Administrator\Desktop\AbalienDiagramChaser\DiagramDetective.vcxproj" (target "QtVars" depends on it):
                   Task "CreateProperty" (TaskId:39)
                   Done executing task "CreateProperty". (TaskId:39)
12:51:09.947     1>Done building target "QtUicInit" in project "DiagramDetective.vcxproj".: (TargetId:60)
12:51:09.947     1>Target "QtQmlStaticGatherQmlPaths: (TargetId:61)" in file "C:\Users\Administrator\AppData\Local\QtMsBuild\qml\qtqml_static.targets" from project "C:\Users\Administrator\Desktop\AbalienDiagramChaser\DiagramDetective.vcxproj" (target "QtQmlStaticGenerateImportFile" depends on it):
                   Task "ListQrc" (TaskId:40)
                   Done executing task "ListQrc". (TaskId:40)
12:51:10.099     1>Done building target "QtQmlStaticGatherQmlPaths" in project "DiagramDetective.vcxproj".: (TargetId:61)
12:51:10.099     1>Target "QtQmlStaticGenerateImportFile: (TargetId:62)" in file "C:\Users\Administrator\AppData\Local\QtMsBuild\qml\qtqml_static.targets" from project "C:\Users\Administrator\Desktop\AbalienDiagramChaser\DiagramDetective.vcxproj" (target "QtVars" depends on it):
12:51:10.099     1>Done building target "QtQmlStaticGenerateImportFile" in project "DiagramDetective.vcxproj".: (TargetId:62)
12:51:10.099     1>Target "QtVars: (TargetId:63)" in file "C:\Users\Administrator\AppData\Local\QtMsBuild\qt_vars.targets" from project "C:\Users\Administrator\Desktop\AbalienDiagramChaser\DiagramDetective.vcxproj" (target "QtVarsLoad" depends on it):
12:51:10.102     1>Done building target "QtVars" in project "DiagramDetective.vcxproj".: (TargetId:63)
12:51:10.102     1>Target "QtVarsLoad: (TargetId:64)" in file "C:\Users\Administrator\AppData\Local\QtMsBuild\qt_vars.targets" from project "C:\Users\Administrator\Desktop\AbalienDiagramChaser\DiagramDetective.vcxproj" (target "QtWork" depends on it):
                   Task "MSBuild" (TaskId:41)
12:51:09.576     1>Project "C:\Users\Administrator\Desktop\AbalienDiagramChaser\DiagramDetective.vcxproj" (1) is building "C:\Users\Administrator\Desktop\AbalienDiagramChaser\DiagramDetective.vcxproj" (1:3) on node 2 (QtVarsRead target(s)).
12:51:10.102   1:3>Done Building Project "C:\Users\Administrator\Desktop\AbalienDiagramChaser\DiagramDetective.vcxproj" (QtVarsRead target(s)).
12:51:10.103     1>Done executing task "MSBuild". (TaskId:41)
                   Task "CreateProperty" (TaskId:42)
                   Done executing task "CreateProperty". (TaskId:42)
                   Task "CreateProperty" (TaskId:43)
                   Done executing task "CreateProperty". (TaskId:43)
                   Task "CreateProperty" (TaskId:44)
                   Done executing task "CreateProperty". (TaskId:44)
                   Task "CreateProperty" (TaskId:45)
                   Done executing task "CreateProperty". (TaskId:45)
                   Task "CreateProperty" (TaskId:46)
                   Done executing task "CreateProperty". (TaskId:46)
                   Task "CreateProperty" (TaskId:47)
                   Done executing task "CreateProperty". (TaskId:47)
                   Task "CreateProperty" (TaskId:48)
                   Done executing task "CreateProperty". (TaskId:48)
                   Task "CreateProperty" (TaskId:49)
                   Done executing task "CreateProperty". (TaskId:49)
                   Task "CreateProperty" (TaskId:50)
                   Done executing task "CreateProperty". (TaskId:50)
                   Task "CreateProperty" (TaskId:51)
                   Done executing task "CreateProperty". (TaskId:51)
                   Task "CreateProperty" (TaskId:52)
                   Done executing task "CreateProperty". (TaskId:52)
                   Task "CreateProperty" (TaskId:53)
                   Done executing task "CreateProperty". (TaskId:53)
                   Task "CreateProperty" (TaskId:54)
                   Done executing task "CreateProperty". (TaskId:54)
                   Task "CreateProperty" (TaskId:55)
                   Done executing task "CreateProperty". (TaskId:55)
                   Task "CreateProperty" (TaskId:56)
                   Done executing task "CreateProperty". (TaskId:56)
                   Task "CreateProperty" (TaskId:57)
                   Done executing task "CreateProperty". (TaskId:57)
                   Task "CreateProperty" (TaskId:58)
                   Done executing task "CreateProperty". (TaskId:58)
                   Task "CreateProperty" (TaskId:59)
                   Done executing task "CreateProperty". (TaskId:59)
                   Task "CreateProperty" (TaskId:60)
                   Done executing task "CreateProperty". (TaskId:60)
                   Task "CreateProperty" (TaskId:61)
                   Done executing task "CreateProperty". (TaskId:61)
                   Task "CreateProperty" (TaskId:62)
                   Done executing task "CreateProperty". (TaskId:62)
                   Task "CreateProperty" (TaskId:63)
                   Done executing task "CreateProperty". (TaskId:63)
                   Task "CreateProperty" (TaskId:64)
                   Done executing task "CreateProperty". (TaskId:64)
                   Task "CreateProperty" (TaskId:65)
                   Done executing task "CreateProperty". (TaskId:65)
                   Task "CreateProperty" (TaskId:66)
                   Done executing task "CreateProperty". (TaskId:66)
                   Task "CreateProperty" (TaskId:67)
                   Done executing task "CreateProperty". (TaskId:67)
                   Task "CreateProperty" (TaskId:68)
                   Done executing task "CreateProperty". (TaskId:68)
                   Task "CreateProperty" (TaskId:69)
                   Done executing task "CreateProperty". (TaskId:69)
                   Task "CreateProperty" (TaskId:70)
                   Done executing task "CreateProperty". (TaskId:70)
                   Task "CreateProperty" (TaskId:71)
                   Done executing task "CreateProperty". (TaskId:71)
                   Task "CreateProperty" (TaskId:72)
                   Done executing task "CreateProperty". (TaskId:72)
                   Task "CreateProperty" (TaskId:73)
                   Done executing task "CreateProperty". (TaskId:73)
                   Task "CreateProperty" (TaskId:74)
                   Done executing task "CreateProperty". (TaskId:74)
                   Task "CreateProperty" (TaskId:75)
                   Done executing task "CreateProperty". (TaskId:75)
                   Task "CreateProperty" (TaskId:76)
                   Done executing task "CreateProperty". (TaskId:76)
                   Task "CreateProperty" (TaskId:77)
                   Done executing task "CreateProperty". (TaskId:77)
                   Task "Message" (TaskId:78)
                      Qt: 6.11.1 (TaskId:78)
                   Done executing task "Message". (TaskId:78)
12:51:10.105     1>Done building target "QtVarsLoad" in project "DiagramDetective.vcxproj".: (TargetId:64)
12:51:10.105     1>Target "QtTranslation: (TargetId:65)" in file "C:\Users\Administrator\AppData\Local\QtMsBuild\translation\qttranslation.targets" from project "C:\Users\Administrator\Desktop\AbalienDiagramChaser\DiagramDetective.vcxproj" (target "QtWorkPrepare" depends on it):
12:51:10.105     1>Done building target "QtTranslation" in project "DiagramDetective.vcxproj".: (TargetId:65)
12:51:10.105     1>Target "QtUicPrepare: (TargetId:66)" in file "C:\Users\Administrator\AppData\Local\QtMsBuild\uic\qtuic.targets" from project "C:\Users\Administrator\Desktop\AbalienDiagramChaser\DiagramDetective.vcxproj" (target "QtUic" depends on it):
12:51:10.106     1>Done building target "QtUicPrepare" in project "DiagramDetective.vcxproj".: (TargetId:66)
12:51:10.106     1>Target "QtUicPrepare: (TargetId:67)" in file "C:\Users\Administrator\AppData\Local\QtMsBuild\uic\qtuic.targets" from project "C:\Users\Administrator\Desktop\AbalienDiagramChaser\DiagramDetective.vcxproj" (target "QtUic" depends on it):
12:51:10.106     1>Done building target "QtUicPrepare" in project "DiagramDetective.vcxproj".: (TargetId:67)
12:51:10.106     1>Target "QtUicSetModified: (TargetId:68)" in file "C:\Users\Administrator\AppData\Local\QtMsBuild\uic\qtuic.targets" from project "C:\Users\Administrator\Desktop\AbalienDiagramChaser\DiagramDetective.vcxproj" (target "QtUic" depends on it):
12:51:10.106     1>Done building target "QtUicSetModified" in project "DiagramDetective.vcxproj".: (TargetId:68)
12:51:10.106     1>Target "QtUicSetModified: (TargetId:69)" in file "C:\Users\Administrator\AppData\Local\QtMsBuild\uic\qtuic.targets" from project "C:\Users\Administrator\Desktop\AbalienDiagramChaser\DiagramDetective.vcxproj" (target "QtUic" depends on it):
12:51:10.106     1>Done building target "QtUicSetModified" in project "DiagramDetective.vcxproj".: (TargetId:69)
12:51:10.106     1>Target "QtUic: (TargetId:70)" in file "C:\Users\Administrator\AppData\Local\QtMsBuild\uic\qtuic.targets" from project "C:\Users\Administrator\Desktop\AbalienDiagramChaser\DiagramDetective.vcxproj" (target "QtWorkPrepare" depends on it):
                   Task "CreateProperty" (TaskId:79)
                   Done executing task "CreateProperty". (TaskId:79)
                   Task "Flatten" (TaskId:80)
                   Done executing task "Flatten". (TaskId:80)
                   Task "HostTranslatePaths" (TaskId:81)
                   Done executing task "HostTranslatePaths". (TaskId:81)
12:51:10.407     1>Done building target "QtUic" in project "DiagramDetective.vcxproj".: (TargetId:70)
12:51:10.407     1>Target "QtUic: (TargetId:71)" in file "C:\Users\Administrator\AppData\Local\QtMsBuild\uic\qtuic.targets" from project "C:\Users\Administrator\Desktop\AbalienDiagramChaser\DiagramDetective.vcxproj" (target "QtWorkPrepare" depends on it):
                   Task "CreateProperty" (TaskId:82)
                   Done executing task "CreateProperty". (TaskId:82)
                   Task "Flatten" (TaskId:83)
                   Done executing task "Flatten". (TaskId:83)
                   Task "HostTranslatePaths" (TaskId:84)
                   Done executing task "HostTranslatePaths". (TaskId:84)
12:51:10.409     1>Done building target "QtUic" in project "DiagramDetective.vcxproj".: (TargetId:71)
12:51:10.409     1>Target "QtRccInit: (TargetId:72)" in file "C:\Users\Administrator\AppData\Local\QtMsBuild\rcc\qtrcc.targets" from project "C:\Users\Administrator\Desktop\AbalienDiagramChaser\DiagramDetective.vcxproj" (target "QtRccSetDependencies" depends on it):
12:51:10.409     1>Done building target "QtRccInit" in project "DiagramDetective.vcxproj".: (TargetId:72)
12:51:10.409     1>Target "QtRccSetDependencies: (TargetId:73)" in file "C:\Users\Administrator\AppData\Local\QtMsBuild\rcc\qtrcc.targets" from project "C:\Users\Administrator\Desktop\AbalienDiagramChaser\DiagramDetective.vcxproj" (target "QtRccPrepare" depends on it):
                   Task "ListQrc" (TaskId:85)
                   Done executing task "ListQrc". (TaskId:85)
12:51:10.409     1>Done building target "QtRccSetDependencies" in project "DiagramDetective.vcxproj".: (TargetId:73)
12:51:10.409     1>Target "QtQmlCachePrepare: (TargetId:74)" in file "C:\Users\Administrator\AppData\Local\QtMsBuild\qml\qtqml_cache.targets" from project "C:\Users\Administrator\Desktop\AbalienDiagramChaser\DiagramDetective.vcxproj" (target "QtRccPrepare" depends on it):
12:51:10.410     1>Done building target "QtQmlCachePrepare" in project "DiagramDetective.vcxproj".: (TargetId:74)
12:51:10.410     1>Target "QtRccPrepare: (TargetId:75)" in file "C:\Users\Administrator\AppData\Local\QtMsBuild\rcc\qtrcc.targets" from project "C:\Users\Administrator\Desktop\AbalienDiagramChaser\DiagramDetective.vcxproj" (target "QtRcc" depends on it):
12:51:10.410     1>Done building target "QtRccPrepare" in project "DiagramDetective.vcxproj".: (TargetId:75)
12:51:10.410     1>Target "QtRccSetModified: (TargetId:76)" in file "C:\Users\Administrator\AppData\Local\QtMsBuild\rcc\qtrcc.targets" from project "C:\Users\Administrator\Desktop\AbalienDiagramChaser\DiagramDetective.vcxproj" (target "QtRcc" depends on it):
12:51:10.410     1>Done building target "QtRccSetModified" in project "DiagramDetective.vcxproj".: (TargetId:76)
12:51:10.410     1>Target "QtRccOverrideCpp: (TargetId:77)" in file "C:\Users\Administrator\AppData\Local\QtMsBuild\rcc\qtrcc_cl.targets" from project "C:\Users\Administrator\Desktop\AbalienDiagramChaser\DiagramDetective.vcxproj" (target "QtRcc" depends on it):
12:51:10.410     1>Done building target "QtRccOverrideCpp" in project "DiagramDetective.vcxproj".: (TargetId:77)
12:51:10.410     1>Target "QtRccFilterSetModified: (TargetId:78)" in file "C:\Users\Administrator\AppData\Local\QtMsBuild\qml\qtqml_cache.targets" from project "C:\Users\Administrator\Desktop\AbalienDiagramChaser\DiagramDetective.vcxproj" (target "QtRccFilter" depends on it):
12:51:10.410     1>Done building target "QtRccFilterSetModified" in project "DiagramDetective.vcxproj".: (TargetId:78)
12:51:10.410     1>Target "QtRccFilter: (TargetId:79)" in file "C:\Users\Administrator\AppData\Local\QtMsBuild\qml\qtqml_cache.targets" from project "C:\Users\Administrator\Desktop\AbalienDiagramChaser\DiagramDetective.vcxproj" (target "QtQmlCacheLoader" depends on it):
12:51:10.410     1>Done building target "QtRccFilter" in project "DiagramDetective.vcxproj".: (TargetId:79)
12:51:10.410     1>Target "QtQmlCacheLoader: (TargetId:80)" in file "C:\Users\Administrator\AppData\Local\QtMsBuild\qml\qtqml_cache.targets" from project "C:\Users\Administrator\Desktop\AbalienDiagramChaser\DiagramDetective.vcxproj" (target "QtQmlCache" depends on it):
12:51:10.411     1>Done building target "QtQmlCacheLoader" in project "DiagramDetective.vcxproj".: (TargetId:80)
12:51:10.411     1>Target "QtQmlSetModified: (TargetId:81)" in file "C:\Users\Administrator\AppData\Local\QtMsBuild\qml\qtqml_cache.targets" from project "C:\Users\Administrator\Desktop\AbalienDiagramChaser\DiagramDetective.vcxproj" (target "QtQmlCacheItem" depends on it):
12:51:10.411     1>Done building target "QtQmlSetModified" in project "DiagramDetective.vcxproj".: (TargetId:81)
12:51:10.411     1>Target "QtQmlCacheItem: (TargetId:82)" in file "C:\Users\Administrator\AppData\Local\QtMsBuild\qml\qtqml_cache.targets" from project "C:\Users\Administrator\Desktop\AbalienDiagramChaser\DiagramDetective.vcxproj" (target "QtQmlCache" depends on it):
12:51:10.411     1>Done building target "QtQmlCacheItem" in project "DiagramDetective.vcxproj".: (TargetId:82)
12:51:10.411     1>Target "QtQmlCache: (TargetId:83)" in file "C:\Users\Administrator\AppData\Local\QtMsBuild\qml\qtqml_cache.targets" from project "C:\Users\Administrator\Desktop\AbalienDiagramChaser\DiagramDetective.vcxproj" (target "QtRcc" depends on it):
12:51:10.411     1>Done building target "QtQmlCache" in project "DiagramDetective.vcxproj".: (TargetId:83)
12:51:10.411     1>Target "QtRcc: (TargetId:84)" in file "C:\Users\Administrator\AppData\Local\QtMsBuild\rcc\qtrcc.targets" from project "C:\Users\Administrator\Desktop\AbalienDiagramChaser\DiagramDetective.vcxproj" (target "QtWorkPrepare" depends on it):
                   Task "CreateProperty" (TaskId:86)
                   Done executing task "CreateProperty". (TaskId:86)
                   Task "Flatten" (TaskId:87)
                   Done executing task "Flatten". (TaskId:87)
                   Task "HostTranslatePaths" (TaskId:88)
                   Done executing task "HostTranslatePaths". (TaskId:88)
12:51:10.414     1>Done building target "QtRcc" in project "DiagramDetective.vcxproj".: (TargetId:84)
12:51:10.414     1>Target "QtMocEnsureCollectJsonMarkers: (TargetId:85)" in file "C:\Users\Administrator\AppData\Local\QtMsBuild\moc\qtmoc.targets" from project "C:\Users\Administrator\Desktop\AbalienDiagramChaser\DiagramDetective.vcxproj" (target "QtMocPrepare" depends on it):
12:51:10.414     1>Done building target "QtMocEnsureCollectJsonMarkers" in project "DiagramDetective.vcxproj".: (TargetId:85)
12:51:10.414     1>Target "QtMocPrepare: (TargetId:86)" in file "C:\Users\Administrator\AppData\Local\QtMsBuild\moc\qtmoc.targets" from project "C:\Users\Administrator\Desktop\AbalienDiagramChaser\DiagramDetective.vcxproj" (target "QtMoc" depends on it):
12:51:10.414     1>Done building target "QtMocPrepare" in project "DiagramDetective.vcxproj".: (TargetId:86)
12:51:10.414     1>Target "QtMocSetModified: (TargetId:87)" in file "C:\Users\Administrator\AppData\Local\QtMsBuild\moc\qtmoc.targets" from project "C:\Users\Administrator\Desktop\AbalienDiagramChaser\DiagramDetective.vcxproj" (target "QtMoc" depends on it):
                   Task "CreateProperty" (TaskId:89)
                   Done executing task "CreateProperty". (TaskId:89)
12:51:10.416     1>Done building target "QtMocSetModified" in project "DiagramDetective.vcxproj".: (TargetId:87)
12:51:10.416     1>Target "QtMocSetModified: (TargetId:88)" in file "C:\Users\Administrator\AppData\Local\QtMsBuild\moc\qtmoc.targets" from project "C:\Users\Administrator\Desktop\AbalienDiagramChaser\DiagramDetective.vcxproj" (target "QtMoc" depends on it):
12:51:10.416     1>Done building target "QtMocSetModified" in project "DiagramDetective.vcxproj".: (TargetId:88)
12:51:10.416     1>Target "QtMocSetModified: (TargetId:89)" in file "C:\Users\Administrator\AppData\Local\QtMsBuild\moc\qtmoc.targets" from project "C:\Users\Administrator\Desktop\AbalienDiagramChaser\DiagramDetective.vcxproj" (target "QtMoc" depends on it):
12:51:10.416     1>Done building target "QtMocSetModified" in project "DiagramDetective.vcxproj".: (TargetId:89)
12:51:10.416     1>Target "QtMocSetModified: (TargetId:90)" in file "C:\Users\Administrator\AppData\Local\QtMsBuild\moc\qtmoc.targets" from project "C:\Users\Administrator\Desktop\AbalienDiagramChaser\DiagramDetective.vcxproj" (target "QtMoc" depends on it):
12:51:10.416     1>Done building target "QtMocSetModified" in project "DiagramDetective.vcxproj".: (TargetId:90)
12:51:10.416     1>Target "QtMocSetModified: (TargetId:91)" in file "C:\Users\Administrator\AppData\Local\QtMsBuild\moc\qtmoc.targets" from project "C:\Users\Administrator\Desktop\AbalienDiagramChaser\DiagramDetective.vcxproj" (target "QtMoc" depends on it):
12:51:10.416     1>Done building target "QtMocSetModified" in project "DiagramDetective.vcxproj".: (TargetId:91)
12:51:10.416     1>Target "QtMocSetModified: (TargetId:92)" in file "C:\Users\Administrator\AppData\Local\QtMsBuild\moc\qtmoc.targets" from project "C:\Users\Administrator\Desktop\AbalienDiagramChaser\DiagramDetective.vcxproj" (target "QtMoc" depends on it):
12:51:10.417     1>Done building target "QtMocSetModified" in project "DiagramDetective.vcxproj".: (TargetId:92)
12:51:10.417     1>Target "QtMocSetModified: (TargetId:93)" in file "C:\Users\Administrator\AppData\Local\QtMsBuild\moc\qtmoc.targets" from project "C:\Users\Administrator\Desktop\AbalienDiagramChaser\DiagramDetective.vcxproj" (target "QtMoc" depends on it):
12:51:10.417     1>Done building target "QtMocSetModified" in project "DiagramDetective.vcxproj".: (TargetId:93)
12:51:10.417     1>Target "QtMocSetModified: (TargetId:94)" in file "C:\Users\Administrator\AppData\Local\QtMsBuild\moc\qtmoc.targets" from project "C:\Users\Administrator\Desktop\AbalienDiagramChaser\DiagramDetective.vcxproj" (target "QtMoc" depends on it):
12:51:10.417     1>Done building target "QtMocSetModified" in project "DiagramDetective.vcxproj".: (TargetId:94)
12:51:10.417     1>Target "QtMocSetModified: (TargetId:95)" in file "C:\Users\Administrator\AppData\Local\QtMsBuild\moc\qtmoc.targets" from project "C:\Users\Administrator\Desktop\AbalienDiagramChaser\DiagramDetective.vcxproj" (target "QtMoc" depends on it):
12:51:10.417     1>Done building target "QtMocSetModified" in project "DiagramDetective.vcxproj".: (TargetId:95)
12:51:10.417     1>Target "QtMocSetModified: (TargetId:96)" in file "C:\Users\Administrator\AppData\Local\QtMsBuild\moc\qtmoc.targets" from project "C:\Users\Administrator\Desktop\AbalienDiagramChaser\DiagramDetective.vcxproj" (target "QtMoc" depends on it):
12:51:10.417     1>Done building target "QtMocSetModified" in project "DiagramDetective.vcxproj".: (TargetId:96)
12:51:10.417     1>Target "QtMocSetModified: (TargetId:97)" in file "C:\Users\Administrator\AppData\Local\QtMsBuild\moc\qtmoc.targets" from project "C:\Users\Administrator\Desktop\AbalienDiagramChaser\DiagramDetective.vcxproj" (target "QtMoc" depends on it):
12:51:10.418     1>Done building target "QtMocSetModified" in project "DiagramDetective.vcxproj".: (TargetId:97)
12:51:10.418     1>Target "QtMocSetModified: (TargetId:98)" in file "C:\Users\Administrator\AppData\Local\QtMsBuild\moc\qtmoc.targets" from project "C:\Users\Administrator\Desktop\AbalienDiagramChaser\DiagramDetective.vcxproj" (target "QtMoc" depends on it):
12:51:10.418     1>Done building target "QtMocSetModified" in project "DiagramDetective.vcxproj".: (TargetId:98)
12:51:10.418     1>Target "QtMocSetModified: (TargetId:99)" in file "C:\Users\Administrator\AppData\Local\QtMsBuild\moc\qtmoc.targets" from project "C:\Users\Administrator\Desktop\AbalienDiagramChaser\DiagramDetective.vcxproj" (target "QtMoc" depends on it):
12:51:10.418     1>Done building target "QtMocSetModified" in project "DiagramDetective.vcxproj".: (TargetId:99)
12:51:10.418     1>Target "QtMocSetModified: (TargetId:100)" in file "C:\Users\Administrator\AppData\Local\QtMsBuild\moc\qtmoc.targets" from project "C:\Users\Administrator\Desktop\AbalienDiagramChaser\DiagramDetective.vcxproj" (target "QtMoc" depends on it):
12:51:10.418     1>Done building target "QtMocSetModified" in project "DiagramDetective.vcxproj".: (TargetId:100)
12:51:10.418     1>Target "QtMocSetModified: (TargetId:101)" in file "C:\Users\Administrator\AppData\Local\QtMsBuild\moc\qtmoc.targets" from project "C:\Users\Administrator\Desktop\AbalienDiagramChaser\DiagramDetective.vcxproj" (target "QtMoc" depends on it):
12:51:10.418     1>Done building target "QtMocSetModified" in project "DiagramDetective.vcxproj".: (TargetId:101)
12:51:10.418     1>Target "QtMocSetModified: (TargetId:102)" in file "C:\Users\Administrator\AppData\Local\QtMsBuild\moc\qtmoc.targets" from project "C:\Users\Administrator\Desktop\AbalienDiagramChaser\DiagramDetective.vcxproj" (target "QtMoc" depends on it):
12:51:10.418     1>Done building target "QtMocSetModified" in project "DiagramDetective.vcxproj".: (TargetId:102)
12:51:10.418     1>Target "QtMocSetModified: (TargetId:103)" in file "C:\Users\Administrator\AppData\Local\QtMsBuild\moc\qtmoc.targets" from project "C:\Users\Administrator\Desktop\AbalienDiagramChaser\DiagramDetective.vcxproj" (target "QtMoc" depends on it):
12:51:10.419     1>Done building target "QtMocSetModified" in project "DiagramDetective.vcxproj".: (TargetId:103)
12:51:10.419     1>Target "QtMocSetModified: (TargetId:104)" in file "C:\Users\Administrator\AppData\Local\QtMsBuild\moc\qtmoc.targets" from project "C:\Users\Administrator\Desktop\AbalienDiagramChaser\DiagramDetective.vcxproj" (target "QtMoc" depends on it):
12:51:10.419     1>Done building target "QtMocSetModified" in project "DiagramDetective.vcxproj".: (TargetId:104)
12:51:10.419     1>Target "QtMocSetModified: (TargetId:105)" in file "C:\Users\Administrator\AppData\Local\QtMsBuild\moc\qtmoc.targets" from project "C:\Users\Administrator\Desktop\AbalienDiagramChaser\DiagramDetective.vcxproj" (target "QtMoc" depends on it):
12:51:10.419     1>Done building target "QtMocSetModified" in project "DiagramDetective.vcxproj".: (TargetId:105)
12:51:10.419     1>Target "QtMocSetModified: (TargetId:106)" in file "C:\Users\Administrator\AppData\Local\QtMsBuild\moc\qtmoc.targets" from project "C:\Users\Administrator\Desktop\AbalienDiagramChaser\DiagramDetective.vcxproj" (target "QtMoc" depends on it):
12:51:10.419     1>Done building target "QtMocSetModified" in project "DiagramDetective.vcxproj".: (TargetId:106)
12:51:10.419     1>Target "QtMocSetModified: (TargetId:107)" in file "C:\Users\Administrator\AppData\Local\QtMsBuild\moc\qtmoc.targets" from project "C:\Users\Administrator\Desktop\AbalienDiagramChaser\DiagramDetective.vcxproj" (target "QtMoc" depends on it):
12:51:10.419     1>Done building target "QtMocSetModified" in project "DiagramDetective.vcxproj".: (TargetId:107)
12:51:10.419     1>Target "QtMocSetModified: (TargetId:108)" in file "C:\Users\Administrator\AppData\Local\QtMsBuild\moc\qtmoc.targets" from project "C:\Users\Administrator\Desktop\AbalienDiagramChaser\DiagramDetective.vcxproj" (target "QtMoc" depends on it):
12:51:10.419     1>Done building target "QtMocSetModified" in project "DiagramDetective.vcxproj".: (TargetId:108)
12:51:10.419     1>Target "QtMocSetModified: (TargetId:109)" in file "C:\Users\Administrator\AppData\Local\QtMsBuild\moc\qtmoc.targets" from project "C:\Users\Administrator\Desktop\AbalienDiagramChaser\DiagramDetective.vcxproj" (target "QtMoc" depends on it):
12:51:10.419     1>Done building target "QtMocSetModified" in project "DiagramDetective.vcxproj".: (TargetId:109)
12:51:10.419     1>Target "QtMocSetModified: (TargetId:110)" in file "C:\Users\Administrator\AppData\Local\QtMsBuild\moc\qtmoc.targets" from project "C:\Users\Administrator\Desktop\AbalienDiagramChaser\DiagramDetective.vcxproj" (target "QtMoc" depends on it):
12:51:10.419     1>Done building target "QtMocSetModified" in project "DiagramDetective.vcxproj".: (TargetId:110)
12:51:10.419     1>Target "QtMocSetModified: (TargetId:111)" in file "C:\Users\Administrator\AppData\Local\QtMsBuild\moc\qtmoc.targets" from project "C:\Users\Administrator\Desktop\AbalienDiagramChaser\DiagramDetective.vcxproj" (target "QtMoc" depends on it):
12:51:10.419     1>Done building target "QtMocSetModified" in project "DiagramDetective.vcxproj".: (TargetId:111)
12:51:10.419     1>Target "QtMocSetModified: (TargetId:112)" in file "C:\Users\Administrator\AppData\Local\QtMsBuild\moc\qtmoc.targets" from project "C:\Users\Administrator\Desktop\AbalienDiagramChaser\DiagramDetective.vcxproj" (target "QtMoc" depends on it):
12:51:10.419     1>Done building target "QtMocSetModified" in project "DiagramDetective.vcxproj".: (TargetId:112)
12:51:10.419     1>Target "QtMocSetModified: (TargetId:113)" in file "C:\Users\Administrator\AppData\Local\QtMsBuild\moc\qtmoc.targets" from project "C:\Users\Administrator\Desktop\AbalienDiagramChaser\DiagramDetective.vcxproj" (target "QtMoc" depends on it):
12:51:10.419     1>Done building target "QtMocSetModified" in project "DiagramDetective.vcxproj".: (TargetId:113)
12:51:10.419     1>Target "QtMocSetModified: (TargetId:114)" in file "C:\Users\Administrator\AppData\Local\QtMsBuild\moc\qtmoc.targets" from project "C:\Users\Administrator\Desktop\AbalienDiagramChaser\DiagramDetective.vcxproj" (target "QtMoc" depends on it):
12:51:10.420     1>Done building target "QtMocSetModified" in project "DiagramDetective.vcxproj".: (TargetId:114)
12:51:10.420     1>Target "QtMocSetModified: (TargetId:115)" in file "C:\Users\Administrator\AppData\Local\QtMsBuild\moc\qtmoc.targets" from project "C:\Users\Administrator\Desktop\AbalienDiagramChaser\DiagramDetective.vcxproj" (target "QtMoc" depends on it):
12:51:10.420     1>Done building target "QtMocSetModified" in project "DiagramDetective.vcxproj".: (TargetId:115)
12:51:10.420     1>Target "QtMocSetModified: (TargetId:116)" in file "C:\Users\Administrator\AppData\Local\QtMsBuild\moc\qtmoc.targets" from project "C:\Users\Administrator\Desktop\AbalienDiagramChaser\DiagramDetective.vcxproj" (target "QtMoc" depends on it):
                   Task "CreateProperty" (TaskId:90)
                   Done executing task "CreateProperty". (TaskId:90)
12:51:10.420     1>Done building target "QtMocSetModified" in project "DiagramDetective.vcxproj".: (TargetId:116)
12:51:10.420     1>Target "QtMocSetModified: (TargetId:117)" in file "C:\Users\Administrator\AppData\Local\QtMsBuild\moc\qtmoc.targets" from project "C:\Users\Administrator\Desktop\AbalienDiagramChaser\DiagramDetective.vcxproj" (target "QtMoc" depends on it):
12:51:10.420     1>Done building target "QtMocSetModified" in project "DiagramDetective.vcxproj".: (TargetId:117)
12:51:10.420     1>Target "QtMocSetModified: (TargetId:118)" in file "C:\Users\Administrator\AppData\Local\QtMsBuild\moc\qtmoc.targets" from project "C:\Users\Administrator\Desktop\AbalienDiagramChaser\DiagramDetective.vcxproj" (target "QtMoc" depends on it):
12:51:10.420     1>Done building target "QtMocSetModified" in project "DiagramDetective.vcxproj".: (TargetId:118)
12:51:10.420     1>Target "QtMocSetModified: (TargetId:119)" in file "C:\Users\Administrator\AppData\Local\QtMsBuild\moc\qtmoc.targets" from project "C:\Users\Administrator\Desktop\AbalienDiagramChaser\DiagramDetective.vcxproj" (target "QtMoc" depends on it):
12:51:10.420     1>Done building target "QtMocSetModified" in project "DiagramDetective.vcxproj".: (TargetId:119)
12:51:10.420     1>Target "QtMocSetModified: (TargetId:120)" in file "C:\Users\Administrator\AppData\Local\QtMsBuild\moc\qtmoc.targets" from project "C:\Users\Administrator\Desktop\AbalienDiagramChaser\DiagramDetective.vcxproj" (target "QtMoc" depends on it):
12:51:10.420     1>Done building target "QtMocSetModified" in project "DiagramDetective.vcxproj".: (TargetId:120)
12:51:10.420     1>Target "QtMocSetModified: (TargetId:121)" in file "C:\Users\Administrator\AppData\Local\QtMsBuild\moc\qtmoc.targets" from project "C:\Users\Administrator\Desktop\AbalienDiagramChaser\DiagramDetective.vcxproj" (target "QtMoc" depends on it):
12:51:10.421     1>Done building target "QtMocSetModified" in project "DiagramDetective.vcxproj".: (TargetId:121)
12:51:10.421     1>Target "QtMocSetModified: (TargetId:122)" in file "C:\Users\Administrator\AppData\Local\QtMsBuild\moc\qtmoc.targets" from project "C:\Users\Administrator\Desktop\AbalienDiagramChaser\DiagramDetective.vcxproj" (target "QtMoc" depends on it):
12:51:10.421     1>Done building target "QtMocSetModified" in project "DiagramDetective.vcxproj".: (TargetId:122)
12:51:10.421     1>Target "QtMocSetModified: (TargetId:123)" in file "C:\Users\Administrator\AppData\Local\QtMsBuild\moc\qtmoc.targets" from project "C:\Users\Administrator\Desktop\AbalienDiagramChaser\DiagramDetective.vcxproj" (target "QtMoc" depends on it):
12:51:10.421     1>Done building target "QtMocSetModified" in project "DiagramDetective.vcxproj".: (TargetId:123)
12:51:10.421     1>Target "QtMocSetModified: (TargetId:124)" in file "C:\Users\Administrator\AppData\Local\QtMsBuild\moc\qtmoc.targets" from project "C:\Users\Administrator\Desktop\AbalienDiagramChaser\DiagramDetective.vcxproj" (target "QtMoc" depends on it):
12:51:10.421     1>Done building target "QtMocSetModified" in project "DiagramDetective.vcxproj".: (TargetId:124)
12:51:10.421     1>Target "QtMocSetModified: (TargetId:125)" in file "C:\Users\Administrator\AppData\Local\QtMsBuild\moc\qtmoc.targets" from project "C:\Users\Administrator\Desktop\AbalienDiagramChaser\DiagramDetective.vcxproj" (target "QtMoc" depends on it):
12:51:10.421     1>Done building target "QtMocSetModified" in project "DiagramDetective.vcxproj".: (TargetId:125)
12:51:10.421     1>Target "QtMocSetModified: (TargetId:126)" in file "C:\Users\Administrator\AppData\Local\QtMsBuild\moc\qtmoc.targets" from project "C:\Users\Administrator\Desktop\AbalienDiagramChaser\DiagramDetective.vcxproj" (target "QtMoc" depends on it):
12:51:10.421     1>Done building target "QtMocSetModified" in project "DiagramDetective.vcxproj".: (TargetId:126)
12:51:10.421     1>Target "QtMocSetModified: (TargetId:127)" in file "C:\Users\Administrator\AppData\Local\QtMsBuild\moc\qtmoc.targets" from project "C:\Users\Administrator\Desktop\AbalienDiagramChaser\DiagramDetective.vcxproj" (target "QtMoc" depends on it):
12:51:10.422     1>Done building target "QtMocSetModified" in project "DiagramDetective.vcxproj".: (TargetId:127)
12:51:10.422     1>Target "QtMocSetModified: (TargetId:128)" in file "C:\Users\Administrator\AppData\Local\QtMsBuild\moc\qtmoc.targets" from project "C:\Users\Administrator\Desktop\AbalienDiagramChaser\DiagramDetective.vcxproj" (target "QtMoc" depends on it):
12:51:10.422     1>Done building target "QtMocSetModified" in project "DiagramDetective.vcxproj".: (TargetId:128)
12:51:10.422     1>Target "QtMocSetModified: (TargetId:129)" in file "C:\Users\Administrator\AppData\Local\QtMsBuild\moc\qtmoc.targets" from project "C:\Users\Administrator\Desktop\AbalienDiagramChaser\DiagramDetective.vcxproj" (target "QtMoc" depends on it):
12:51:10.422     1>Done building target "QtMocSetModified" in project "DiagramDetective.vcxproj".: (TargetId:129)
12:51:10.422     1>Target "QtMocSetModified: (TargetId:130)" in file "C:\Users\Administrator\AppData\Local\QtMsBuild\moc\qtmoc.targets" from project "C:\Users\Administrator\Desktop\AbalienDiagramChaser\DiagramDetective.vcxproj" (target "QtMoc" depends on it):
12:51:10.422     1>Done building target "QtMocSetModified" in project "DiagramDetective.vcxproj".: (TargetId:130)
12:51:10.422     1>Target "QtMocSetModified: (TargetId:131)" in file "C:\Users\Administrator\AppData\Local\QtMsBuild\moc\qtmoc.targets" from project "C:\Users\Administrator\Desktop\AbalienDiagramChaser\DiagramDetective.vcxproj" (target "QtMoc" depends on it):
12:51:10.422     1>Done building target "QtMocSetModified" in project "DiagramDetective.vcxproj".: (TargetId:131)
12:51:10.422     1>Target "QtMocSetModified: (TargetId:132)" in file "C:\Users\Administrator\AppData\Local\QtMsBuild\moc\qtmoc.targets" from project "C:\Users\Administrator\Desktop\AbalienDiagramChaser\DiagramDetective.vcxproj" (target "QtMoc" depends on it):
                   Task "CreateProperty" (TaskId:91)
                   Done executing task "CreateProperty". (TaskId:91)
12:51:10.423     1>Done building target "QtMocSetModified" in project "DiagramDetective.vcxproj".: (TargetId:132)
12:51:10.423     1>Target "QtMocSetModified: (TargetId:133)" in file "C:\Users\Administrator\AppData\Local\QtMsBuild\moc\qtmoc.targets" from project "C:\Users\Administrator\Desktop\AbalienDiagramChaser\DiagramDetective.vcxproj" (target "QtMoc" depends on it):
12:51:10.423     1>Done building target "QtMocSetModified" in project "DiagramDetective.vcxproj".: (TargetId:133)
12:51:10.423     1>Target "QtMocSetModified: (TargetId:134)" in file "C:\Users\Administrator\AppData\Local\QtMsBuild\moc\qtmoc.targets" from project "C:\Users\Administrator\Desktop\AbalienDiagramChaser\DiagramDetective.vcxproj" (target "QtMoc" depends on it):
12:51:10.423     1>Done building target "QtMocSetModified" in project "DiagramDetective.vcxproj".: (TargetId:134)
12:51:10.423     1>Target "QtMocOverrideCpp: (TargetId:135)" in file "C:\Users\Administrator\AppData\Local\QtMsBuild\moc\qtmoc_cl.targets" from project "C:\Users\Administrator\Desktop\AbalienDiagramChaser\DiagramDetective.vcxproj" (target "QtMoc" depends on it):
12:51:10.424     1>Done building target "QtMocOverrideCpp" in project "DiagramDetective.vcxproj".: (TargetId:135)
12:51:10.424     1>Target "QtMocOverrideCpp: (TargetId:136)" in file "C:\Users\Administrator\AppData\Local\QtMsBuild\moc\qtmoc_cl.targets" from project "C:\Users\Administrator\Desktop\AbalienDiagramChaser\DiagramDetective.vcxproj" (target "QtMoc" depends on it):
12:51:10.425     1>Done building target "QtMocOverrideCpp" in project "DiagramDetective.vcxproj".: (TargetId:136)
12:51:10.425     1>Target "QtMocOverrideCpp: (TargetId:137)" in file "C:\Users\Administrator\AppData\Local\QtMsBuild\moc\qtmoc_cl.targets" from project "C:\Users\Administrator\Desktop\AbalienDiagramChaser\DiagramDetective.vcxproj" (target "QtMoc" depends on it):
12:51:10.425     1>Done building target "QtMocOverrideCpp" in project "DiagramDetective.vcxproj".: (TargetId:137)
12:51:10.425     1>Target "QtMocOverrideCpp: (TargetId:138)" in file "C:\Users\Administrator\AppData\Local\QtMsBuild\moc\qtmoc_cl.targets" from project "C:\Users\Administrator\Desktop\AbalienDiagramChaser\DiagramDetective.vcxproj" (target "QtMoc" depends on it):
12:51:10.425     1>Done building target "QtMocOverrideCpp" in project "DiagramDetective.vcxproj".: (TargetId:138)
12:51:10.425     1>Target "QtMocOverrideCpp: (TargetId:139)" in file "C:\Users\Administrator\AppData\Local\QtMsBuild\moc\qtmoc_cl.targets" from project "C:\Users\Administrator\Desktop\AbalienDiagramChaser\DiagramDetective.vcxproj" (target "QtMoc" depends on it):
12:51:10.427     1>Done building target "QtMocOverrideCpp" in project "DiagramDetective.vcxproj".: (TargetId:139)
12:51:10.427     1>Target "QtMocOverrideCpp: (TargetId:140)" in file "C:\Users\Administrator\AppData\Local\QtMsBuild\moc\qtmoc_cl.targets" from project "C:\Users\Administrator\Desktop\AbalienDiagramChaser\DiagramDetective.vcxproj" (target "QtMoc" depends on it):
12:51:10.427     1>Done building target "QtMocOverrideCpp" in project "DiagramDetective.vcxproj".: (TargetId:140)
12:51:10.427     1>Target "QtMocOverrideCpp: (TargetId:141)" in file "C:\Users\Administrator\AppData\Local\QtMsBuild\moc\qtmoc_cl.targets" from project "C:\Users\Administrator\Desktop\AbalienDiagramChaser\DiagramDetective.vcxproj" (target "QtMoc" depends on it):
12:51:10.428     1>Done building target "QtMocOverrideCpp" in project "DiagramDetective.vcxproj".: (TargetId:141)
12:51:10.428     1>Target "QtMocOverrideCpp: (TargetId:142)" in file "C:\Users\Administrator\AppData\Local\QtMsBuild\moc\qtmoc_cl.targets" from project "C:\Users\Administrator\Desktop\AbalienDiagramChaser\DiagramDetective.vcxproj" (target "QtMoc" depends on it):
12:51:10.428     1>Done building target "QtMocOverrideCpp" in project "DiagramDetective.vcxproj".: (TargetId:142)
12:51:10.428     1>Target "QtMocOverrideCpp: (TargetId:143)" in file "C:\Users\Administrator\AppData\Local\QtMsBuild\moc\qtmoc_cl.targets" from project "C:\Users\Administrator\Desktop\AbalienDiagramChaser\DiagramDetective.vcxproj" (target "QtMoc" depends on it):
12:51:10.429     1>Done building target "QtMocOverrideCpp" in project "DiagramDetective.vcxproj".: (TargetId:143)
12:51:10.429     1>Target "QtMocOverrideCpp: (TargetId:144)" in file "C:\Users\Administrator\AppData\Local\QtMsBuild\moc\qtmoc_cl.targets" from project "C:\Users\Administrator\Desktop\AbalienDiagramChaser\DiagramDetective.vcxproj" (target "QtMoc" depends on it):
12:51:10.429     1>Done building target "QtMocOverrideCpp" in project "DiagramDetective.vcxproj".: (TargetId:144)
12:51:10.429     1>Target "QtMocOverrideCpp: (TargetId:145)" in file "C:\Users\Administrator\AppData\Local\QtMsBuild\moc\qtmoc_cl.targets" from project "C:\Users\Administrator\Desktop\AbalienDiagramChaser\DiagramDetective.vcxproj" (target "QtMoc" depends on it):
12:51:10.429     1>Done building target "QtMocOverrideCpp" in project "DiagramDetective.vcxproj".: (TargetId:145)
12:51:10.429     1>Target "QtMocOverrideCpp: (TargetId:146)" in file "C:\Users\Administrator\AppData\Local\QtMsBuild\moc\qtmoc_cl.targets" from project "C:\Users\Administrator\Desktop\AbalienDiagramChaser\DiagramDetective.vcxproj" (target "QtMoc" depends on it):
12:51:10.430     1>Done building target "QtMocOverrideCpp" in project "DiagramDetective.vcxproj".: (TargetId:146)
12:51:10.430     1>Target "QtMocOverrideCpp: (TargetId:147)" in file "C:\Users\Administrator\AppData\Local\QtMsBuild\moc\qtmoc_cl.targets" from project "C:\Users\Administrator\Desktop\AbalienDiagramChaser\DiagramDetective.vcxproj" (target "QtMoc" depends on it):
12:51:10.433     1>Done building target "QtMocOverrideCpp" in project "DiagramDetective.vcxproj".: (TargetId:147)
12:51:10.433     1>Target "QtMocOverrideCpp: (TargetId:148)" in file "C:\Users\Administrator\AppData\Local\QtMsBuild\moc\qtmoc_cl.targets" from project "C:\Users\Administrator\Desktop\AbalienDiagramChaser\DiagramDetective.vcxproj" (target "QtMoc" depends on it):
12:51:10.434     1>Done building target "QtMocOverrideCpp" in project "DiagramDetective.vcxproj".: (TargetId:148)
12:51:10.434     1>Target "QtMocOverrideCpp: (TargetId:149)" in file "C:\Users\Administrator\AppData\Local\QtMsBuild\moc\qtmoc_cl.targets" from project "C:\Users\Administrator\Desktop\AbalienDiagramChaser\DiagramDetective.vcxproj" (target "QtMoc" depends on it):
12:51:10.434     1>Done building target "QtMocOverrideCpp" in project "DiagramDetective.vcxproj".: (TargetId:149)
12:51:10.434     1>Target "QtMocOverrideCpp: (TargetId:150)" in file "C:\Users\Administrator\AppData\Local\QtMsBuild\moc\qtmoc_cl.targets" from project "C:\Users\Administrator\Desktop\AbalienDiagramChaser\DiagramDetective.vcxproj" (target "QtMoc" depends on it):
12:51:10.435     1>Done building target "QtMocOverrideCpp" in project "DiagramDetective.vcxproj".: (TargetId:150)
12:51:10.435     1>Target "QtMocOverrideCpp: (TargetId:151)" in file "C:\Users\Administrator\AppData\Local\QtMsBuild\moc\qtmoc_cl.targets" from project "C:\Users\Administrator\Desktop\AbalienDiagramChaser\DiagramDetective.vcxproj" (target "QtMoc" depends on it):
12:51:10.435     1>Done building target "QtMocOverrideCpp" in project "DiagramDetective.vcxproj".: (TargetId:151)
12:51:10.435     1>Target "QtMocOverrideCpp: (TargetId:152)" in file "C:\Users\Administrator\AppData\Local\QtMsBuild\moc\qtmoc_cl.targets" from project "C:\Users\Administrator\Desktop\AbalienDiagramChaser\DiagramDetective.vcxproj" (target "QtMoc" depends on it):
12:51:10.437     1>Done building target "QtMocOverrideCpp" in project "DiagramDetective.vcxproj".: (TargetId:152)
12:51:10.437     1>Target "QtMocOverrideCpp: (TargetId:153)" in file "C:\Users\Administrator\AppData\Local\QtMsBuild\moc\qtmoc_cl.targets" from project "C:\Users\Administrator\Desktop\AbalienDiagramChaser\DiagramDetective.vcxproj" (target "QtMoc" depends on it):
12:51:10.437     1>Done building target "QtMocOverrideCpp" in project "DiagramDetective.vcxproj".: (TargetId:153)
12:51:10.437     1>Target "QtMocOverrideCpp: (TargetId:154)" in file "C:\Users\Administrator\AppData\Local\QtMsBuild\moc\qtmoc_cl.targets" from project "C:\Users\Administrator\Desktop\AbalienDiagramChaser\DiagramDetective.vcxproj" (target "QtMoc" depends on it):
12:51:10.437     1>Done building target "QtMocOverrideCpp" in project "DiagramDetective.vcxproj".: (TargetId:154)
12:51:10.437     1>Target "QtMocOverrideCpp: (TargetId:155)" in file "C:\Users\Administrator\AppData\Local\QtMsBuild\moc\qtmoc_cl.targets" from project "C:\Users\Administrator\Desktop\AbalienDiagramChaser\DiagramDetective.vcxproj" (target "QtMoc" depends on it):
12:51:10.438     1>Done building target "QtMocOverrideCpp" in project "DiagramDetective.vcxproj".: (TargetId:155)
12:51:10.438     1>Target "QtMocOverrideCpp: (TargetId:156)" in file "C:\Users\Administrator\AppData\Local\QtMsBuild\moc\qtmoc_cl.targets" from project "C:\Users\Administrator\Desktop\AbalienDiagramChaser\DiagramDetective.vcxproj" (target "QtMoc" depends on it):
12:51:10.438     1>Done building target "QtMocOverrideCpp" in project "DiagramDetective.vcxproj".: (TargetId:156)
12:51:10.438     1>Target "QtMocOverrideCpp: (TargetId:157)" in file "C:\Users\Administrator\AppData\Local\QtMsBuild\moc\qtmoc_cl.targets" from project "C:\Users\Administrator\Desktop\AbalienDiagramChaser\DiagramDetective.vcxproj" (target "QtMoc" depends on it):
12:51:10.439     1>Done building target "QtMocOverrideCpp" in project "DiagramDetective.vcxproj".: (TargetId:157)
12:51:10.439     1>Target "QtMocOverrideCpp: (TargetId:158)" in file "C:\Users\Administrator\AppData\Local\QtMsBuild\moc\qtmoc_cl.targets" from project "C:\Users\Administrator\Desktop\AbalienDiagramChaser\DiagramDetective.vcxproj" (target "QtMoc" depends on it):
12:51:10.439     1>Done building target "QtMocOverrideCpp" in project "DiagramDetective.vcxproj".: (TargetId:158)
12:51:10.439     1>Target "QtMocOverrideCpp: (TargetId:159)" in file "C:\Users\Administrator\AppData\Local\QtMsBuild\moc\qtmoc_cl.targets" from project "C:\Users\Administrator\Desktop\AbalienDiagramChaser\DiagramDetective.vcxproj" (target "QtMoc" depends on it):
12:51:10.440     1>Done building target "QtMocOverrideCpp" in project "DiagramDetective.vcxproj".: (TargetId:159)
12:51:10.440     1>Target "QtMocOverrideCpp: (TargetId:160)" in file "C:\Users\Administrator\AppData\Local\QtMsBuild\moc\qtmoc_cl.targets" from project "C:\Users\Administrator\Desktop\AbalienDiagramChaser\DiagramDetective.vcxproj" (target "QtMoc" depends on it):
12:51:10.440     1>Done building target "QtMocOverrideCpp" in project "DiagramDetective.vcxproj".: (TargetId:160)
12:51:10.440     1>Target "QtMocOverrideCpp: (TargetId:161)" in file "C:\Users\Administrator\AppData\Local\QtMsBuild\moc\qtmoc_cl.targets" from project "C:\Users\Administrator\Desktop\AbalienDiagramChaser\DiagramDetective.vcxproj" (target "QtMoc" depends on it):
12:51:10.441     1>Done building target "QtMocOverrideCpp" in project "DiagramDetective.vcxproj".: (TargetId:161)
12:51:10.441     1>Target "QtMocOverrideCpp: (TargetId:162)" in file "C:\Users\Administrator\AppData\Local\QtMsBuild\moc\qtmoc_cl.targets" from project "C:\Users\Administrator\Desktop\AbalienDiagramChaser\DiagramDetective.vcxproj" (target "QtMoc" depends on it):
12:51:10.442     1>Done building target "QtMocOverrideCpp" in project "DiagramDetective.vcxproj".: (TargetId:162)
12:51:10.442     1>Target "QtMocOverrideCpp: (TargetId:163)" in file "C:\Users\Administrator\AppData\Local\QtMsBuild\moc\qtmoc_cl.targets" from project "C:\Users\Administrator\Desktop\AbalienDiagramChaser\DiagramDetective.vcxproj" (target "QtMoc" depends on it):
12:51:10.442     1>Done building target "QtMocOverrideCpp" in project "DiagramDetective.vcxproj".: (TargetId:163)
12:51:10.442     1>Target "QtMocOverrideCpp: (TargetId:164)" in file "C:\Users\Administrator\AppData\Local\QtMsBuild\moc\qtmoc_cl.targets" from project "C:\Users\Administrator\Desktop\AbalienDiagramChaser\DiagramDetective.vcxproj" (target "QtMoc" depends on it):
12:51:10.443     1>Done building target "QtMocOverrideCpp" in project "DiagramDetective.vcxproj".: (TargetId:164)
12:51:10.443     1>Target "QtMocOverrideCpp: (TargetId:165)" in file "C:\Users\Administrator\AppData\Local\QtMsBuild\moc\qtmoc_cl.targets" from project "C:\Users\Administrator\Desktop\AbalienDiagramChaser\DiagramDetective.vcxproj" (target "QtMoc" depends on it):
12:51:10.443     1>Done building target "QtMocOverrideCpp" in project "DiagramDetective.vcxproj".: (TargetId:165)
12:51:10.443     1>Target "QtMocOverrideCpp: (TargetId:166)" in file "C:\Users\Administrator\AppData\Local\QtMsBuild\moc\qtmoc_cl.targets" from project "C:\Users\Administrator\Desktop\AbalienDiagramChaser\DiagramDetective.vcxproj" (target "QtMoc" depends on it):
12:51:10.445     1>Done building target "QtMocOverrideCpp" in project "DiagramDetective.vcxproj".: (TargetId:166)
12:51:10.445     1>Target "QtMocOverrideCpp: (TargetId:167)" in file "C:\Users\Administrator\AppData\Local\QtMsBuild\moc\qtmoc_cl.targets" from project "C:\Users\Administrator\Desktop\AbalienDiagramChaser\DiagramDetective.vcxproj" (target "QtMoc" depends on it):
12:51:10.445     1>Done building target "QtMocOverrideCpp" in project "DiagramDetective.vcxproj".: (TargetId:167)
12:51:10.445     1>Target "QtMocOverrideCpp: (TargetId:168)" in file "C:\Users\Administrator\AppData\Local\QtMsBuild\moc\qtmoc_cl.targets" from project "C:\Users\Administrator\Desktop\AbalienDiagramChaser\DiagramDetective.vcxproj" (target "QtMoc" depends on it):
12:51:10.446     1>Done building target "QtMocOverrideCpp" in project "DiagramDetective.vcxproj".: (TargetId:168)
12:51:10.446     1>Target "QtMocOverrideCpp: (TargetId:169)" in file "C:\Users\Administrator\AppData\Local\QtMsBuild\moc\qtmoc_cl.targets" from project "C:\Users\Administrator\Desktop\AbalienDiagramChaser\DiagramDetective.vcxproj" (target "QtMoc" depends on it):
12:51:10.446     1>Done building target "QtMocOverrideCpp" in project "DiagramDetective.vcxproj".: (TargetId:169)
12:51:10.446     1>Target "QtMocOverrideCpp: (TargetId:170)" in file "C:\Users\Administrator\AppData\Local\QtMsBuild\moc\qtmoc_cl.targets" from project "C:\Users\Administrator\Desktop\AbalienDiagramChaser\DiagramDetective.vcxproj" (target "QtMoc" depends on it):
12:51:10.447     1>Done building target "QtMocOverrideCpp" in project "DiagramDetective.vcxproj".: (TargetId:170)
12:51:10.447     1>Target "QtMocOverrideCpp: (TargetId:171)" in file "C:\Users\Administrator\AppData\Local\QtMsBuild\moc\qtmoc_cl.targets" from project "C:\Users\Administrator\Desktop\AbalienDiagramChaser\DiagramDetective.vcxproj" (target "QtMoc" depends on it):
12:51:10.447     1>Done building target "QtMocOverrideCpp" in project "DiagramDetective.vcxproj".: (TargetId:171)
12:51:10.447     1>Target "QtMocOverrideCpp: (TargetId:172)" in file "C:\Users\Administrator\AppData\Local\QtMsBuild\moc\qtmoc_cl.targets" from project "C:\Users\Administrator\Desktop\AbalienDiagramChaser\DiagramDetective.vcxproj" (target "QtMoc" depends on it):
12:51:10.447     1>Done building target "QtMocOverrideCpp" in project "DiagramDetective.vcxproj".: (TargetId:172)
12:51:10.447     1>Target "QtMocOverrideCpp: (TargetId:173)" in file "C:\Users\Administrator\AppData\Local\QtMsBuild\moc\qtmoc_cl.targets" from project "C:\Users\Administrator\Desktop\AbalienDiagramChaser\DiagramDetective.vcxproj" (target "QtMoc" depends on it):
12:51:10.448     1>Done building target "QtMocOverrideCpp" in project "DiagramDetective.vcxproj".: (TargetId:173)
12:51:10.448     1>Target "QtMocOverrideCpp: (TargetId:174)" in file "C:\Users\Administrator\AppData\Local\QtMsBuild\moc\qtmoc_cl.targets" from project "C:\Users\Administrator\Desktop\AbalienDiagramChaser\DiagramDetective.vcxproj" (target "QtMoc" depends on it):
12:51:10.448     1>Done building target "QtMocOverrideCpp" in project "DiagramDetective.vcxproj".: (TargetId:174)
12:51:10.448     1>Target "QtMocOverrideCpp: (TargetId:175)" in file "C:\Users\Administrator\AppData\Local\QtMsBuild\moc\qtmoc_cl.targets" from project "C:\Users\Administrator\Desktop\AbalienDiagramChaser\DiagramDetective.vcxproj" (target "QtMoc" depends on it):
12:51:10.450     1>Done building target "QtMocOverrideCpp" in project "DiagramDetective.vcxproj".: (TargetId:175)
12:51:10.450     1>Target "QtMocOverrideCpp: (TargetId:176)" in file "C:\Users\Administrator\AppData\Local\QtMsBuild\moc\qtmoc_cl.targets" from project "C:\Users\Administrator\Desktop\AbalienDiagramChaser\DiagramDetective.vcxproj" (target "QtMoc" depends on it):
12:51:10.450     1>Done building target "QtMocOverrideCpp" in project "DiagramDetective.vcxproj".: (TargetId:176)
12:51:10.450     1>Target "QtMocOverrideCpp: (TargetId:177)" in file "C:\Users\Administrator\AppData\Local\QtMsBuild\moc\qtmoc_cl.targets" from project "C:\Users\Administrator\Desktop\AbalienDiagramChaser\DiagramDetective.vcxproj" (target "QtMoc" depends on it):
12:51:10.450     1>Done building target "QtMocOverrideCpp" in project "DiagramDetective.vcxproj".: (TargetId:177)
12:51:10.450     1>Target "QtMocOverrideCpp: (TargetId:178)" in file "C:\Users\Administrator\AppData\Local\QtMsBuild\moc\qtmoc_cl.targets" from project "C:\Users\Administrator\Desktop\AbalienDiagramChaser\DiagramDetective.vcxproj" (target "QtMoc" depends on it):
12:51:10.451     1>Done building target "QtMocOverrideCpp" in project "DiagramDetective.vcxproj".: (TargetId:178)
12:51:10.451     1>Target "QtMocOverrideCpp: (TargetId:179)" in file "C:\Users\Administrator\AppData\Local\QtMsBuild\moc\qtmoc_cl.targets" from project "C:\Users\Administrator\Desktop\AbalienDiagramChaser\DiagramDetective.vcxproj" (target "QtMoc" depends on it):
12:51:10.451     1>Done building target "QtMocOverrideCpp" in project "DiagramDetective.vcxproj".: (TargetId:179)
12:51:10.451     1>Target "QtMocOverrideCpp: (TargetId:180)" in file "C:\Users\Administrator\AppData\Local\QtMsBuild\moc\qtmoc_cl.targets" from project "C:\Users\Administrator\Desktop\AbalienDiagramChaser\DiagramDetective.vcxproj" (target "QtMoc" depends on it):
12:51:10.452     1>Done building target "QtMocOverrideCpp" in project "DiagramDetective.vcxproj".: (TargetId:180)
12:51:10.452     1>Target "QtMocOverrideCpp: (TargetId:181)" in file "C:\Users\Administrator\AppData\Local\QtMsBuild\moc\qtmoc_cl.targets" from project "C:\Users\Administrator\Desktop\AbalienDiagramChaser\DiagramDetective.vcxproj" (target "QtMoc" depends on it):
12:51:10.452     1>Done building target "QtMocOverrideCpp" in project "DiagramDetective.vcxproj".: (TargetId:181)
12:51:10.452     1>Target "QtMocOverrideCpp: (TargetId:182)" in file "C:\Users\Administrator\AppData\Local\QtMsBuild\moc\qtmoc_cl.targets" from project "C:\Users\Administrator\Desktop\AbalienDiagramChaser\DiagramDetective.vcxproj" (target "QtMoc" depends on it):
12:51:10.453     1>Done building target "QtMocOverrideCpp" in project "DiagramDetective.vcxproj".: (TargetId:182)
12:51:10.453     1>Target "QtMocUpdate: (TargetId:183)" in file "C:\Users\Administrator\AppData\Local\QtMsBuild\moc\qtmoc.targets" from project "C:\Users\Administrator\Desktop\AbalienDiagramChaser\DiagramDetective.vcxproj" (target "QtMoc" depends on it):
12:51:10.453     1>Done building target "QtMocUpdate" in project "DiagramDetective.vcxproj".: (TargetId:183)
12:51:10.455     1>Target "QtMoc: (TargetId:184)" in file "C:\Users\Administrator\AppData\Local\QtMsBuild\moc\qtmoc.targets" from project "C:\Users\Administrator\Desktop\AbalienDiagramChaser\DiagramDetective.vcxproj" (target "QtWorkPrepare" depends on it):
                   Task "CreateProperty" (TaskId:92)
                   Done executing task "CreateProperty". (TaskId:92)
                   Task "Flatten" (TaskId:93)
                   Done executing task "Flatten". (TaskId:93)
                   Task "HostTranslatePaths" (TaskId:94)
                   Done executing task "HostTranslatePaths". (TaskId:94)
12:51:10.461     1>Done building target "QtMoc" in project "DiagramDetective.vcxproj".: (TargetId:184)
12:51:10.461     1>Target "QtMoc: (TargetId:185)" in file "C:\Users\Administrator\AppData\Local\QtMsBuild\moc\qtmoc.targets" from project "C:\Users\Administrator\Desktop\AbalienDiagramChaser\DiagramDetective.vcxproj" (target "QtWorkPrepare" depends on it):
12:51:10.462     1>Done building target "QtMoc" in project "DiagramDetective.vcxproj".: (TargetId:185)
12:51:10.462     1>Target "QtMoc: (TargetId:186)" in file "C:\Users\Administrator\AppData\Local\QtMsBuild\moc\qtmoc.targets" from project "C:\Users\Administrator\Desktop\AbalienDiagramChaser\DiagramDetective.vcxproj" (target "QtWorkPrepare" depends on it):
12:51:10.462     1>Done building target "QtMoc" in project "DiagramDetective.vcxproj".: (TargetId:186)
12:51:10.462     1>Target "QtMoc: (TargetId:187)" in file "C:\Users\Administrator\AppData\Local\QtMsBuild\moc\qtmoc.targets" from project "C:\Users\Administrator\Desktop\AbalienDiagramChaser\DiagramDetective.vcxproj" (target "QtWorkPrepare" depends on it):
12:51:10.463     1>Done building target "QtMoc" in project "DiagramDetective.vcxproj".: (TargetId:187)
12:51:10.463     1>Target "QtMoc: (TargetId:188)" in file "C:\Users\Administrator\AppData\Local\QtMsBuild\moc\qtmoc.targets" from project "C:\Users\Administrator\Desktop\AbalienDiagramChaser\DiagramDetective.vcxproj" (target "QtWorkPrepare" depends on it):
12:51:10.464     1>Done building target "QtMoc" in project "DiagramDetective.vcxproj".: (TargetId:188)
12:51:10.464     1>Target "QtMoc: (TargetId:189)" in file "C:\Users\Administrator\AppData\Local\QtMsBuild\moc\qtmoc.targets" from project "C:\Users\Administrator\Desktop\AbalienDiagramChaser\DiagramDetective.vcxproj" (target "QtWorkPrepare" depends on it):
12:51:10.466     1>Done building target "QtMoc" in project "DiagramDetective.vcxproj".: (TargetId:189)
12:51:10.466     1>Target "QtMoc: (TargetId:190)" in file "C:\Users\Administrator\AppData\Local\QtMsBuild\moc\qtmoc.targets" from project "C:\Users\Administrator\Desktop\AbalienDiagramChaser\DiagramDetective.vcxproj" (target "QtWorkPrepare" depends on it):
                   Task "CreateProperty" (TaskId:95)
                   Done executing task "CreateProperty". (TaskId:95)
                   Task "Flatten" (TaskId:96)
                   Done executing task "Flatten". (TaskId:96)
                   Task "HostTranslatePaths" (TaskId:97)
                   Done executing task "HostTranslatePaths". (TaskId:97)
12:51:10.472     1>Done building target "QtMoc" in project "DiagramDetective.vcxproj".: (TargetId:190)
12:51:10.472     1>Target "QtMoc: (TargetId:191)" in file "C:\Users\Administrator\AppData\Local\QtMsBuild\moc\qtmoc.targets" from project "C:\Users\Administrator\Desktop\AbalienDiagramChaser\DiagramDetective.vcxproj" (target "QtWorkPrepare" depends on it):
12:51:10.472     1>Done building target "QtMoc" in project "DiagramDetective.vcxproj".: (TargetId:191)
12:51:10.472     1>Target "QtMoc: (TargetId:192)" in file "C:\Users\Administrator\AppData\Local\QtMsBuild\moc\qtmoc.targets" from project "C:\Users\Administrator\Desktop\AbalienDiagramChaser\DiagramDetective.vcxproj" (target "QtWorkPrepare" depends on it):
                   Task "CreateProperty" (TaskId:98)
                   Done executing task "CreateProperty". (TaskId:98)
                   Task "Flatten" (TaskId:99)
                   Done executing task "Flatten". (TaskId:99)
                   Task "HostTranslatePaths" (TaskId:100)
                   Done executing task "HostTranslatePaths". (TaskId:100)
12:51:10.479     1>Done building target "QtMoc" in project "DiagramDetective.vcxproj".: (TargetId:192)
12:51:10.479     1>Target "QtMoc: (TargetId:193)" in file "C:\Users\Administrator\AppData\Local\QtMsBuild\moc\qtmoc.targets" from project "C:\Users\Administrator\Desktop\AbalienDiagramChaser\DiagramDetective.vcxproj" (target "QtWorkPrepare" depends on it):
12:51:10.479     1>Done building target "QtMoc" in project "DiagramDetective.vcxproj".: (TargetId:193)
12:51:10.479     1>Target "QtMoc: (TargetId:194)" in file "C:\Users\Administrator\AppData\Local\QtMsBuild\moc\qtmoc.targets" from project "C:\Users\Administrator\Desktop\AbalienDiagramChaser\DiagramDetective.vcxproj" (target "QtWorkPrepare" depends on it):
12:51:10.480     1>Done building target "QtMoc" in project "DiagramDetective.vcxproj".: (TargetId:194)
12:51:10.480     1>Target "QtMoc: (TargetId:195)" in file "C:\Users\Administrator\AppData\Local\QtMsBuild\moc\qtmoc.targets" from project "C:\Users\Administrator\Desktop\AbalienDiagramChaser\DiagramDetective.vcxproj" (target "QtWorkPrepare" depends on it):
                   Task "CreateProperty" (TaskId:101)
                   Done executing task "CreateProperty". (TaskId:101)
                   Task "Flatten" (TaskId:102)
                   Done executing task "Flatten". (TaskId:102)
                   Task "HostTranslatePaths" (TaskId:103)
                   Done executing task "HostTranslatePaths". (TaskId:103)
12:51:10.489     1>Done building target "QtMoc" in project "DiagramDetective.vcxproj".: (TargetId:195)
12:51:10.489     1>Target "QtMoc: (TargetId:196)" in file "C:\Users\Administrator\AppData\Local\QtMsBuild\moc\qtmoc.targets" from project "C:\Users\Administrator\Desktop\AbalienDiagramChaser\DiagramDetective.vcxproj" (target "QtWorkPrepare" depends on it):
                   Task "CreateProperty" (TaskId:104)
                   Done executing task "CreateProperty". (TaskId:104)
                   Task "Flatten" (TaskId:105)
                   Done executing task "Flatten". (TaskId:105)
                   Task "HostTranslatePaths" (TaskId:106)
                   Done executing task "HostTranslatePaths". (TaskId:106)
12:51:10.495     1>Done building target "QtMoc" in project "DiagramDetective.vcxproj".: (TargetId:196)
12:51:10.495     1>Target "QtMoc: (TargetId:197)" in file "C:\Users\Administrator\AppData\Local\QtMsBuild\moc\qtmoc.targets" from project "C:\Users\Administrator\Desktop\AbalienDiagramChaser\DiagramDetective.vcxproj" (target "QtWorkPrepare" depends on it):
                   Task "CreateProperty" (TaskId:107)
                   Done executing task "CreateProperty". (TaskId:107)
                   Task "Flatten" (TaskId:108)
                   Done executing task "Flatten". (TaskId:108)
                   Task "HostTranslatePaths" (TaskId:109)
                   Done executing task "HostTranslatePaths". (TaskId:109)
12:51:10.501     1>Done building target "QtMoc" in project "DiagramDetective.vcxproj".: (TargetId:197)
12:51:10.501     1>Target "QtMoc: (TargetId:198)" in file "C:\Users\Administrator\AppData\Local\QtMsBuild\moc\qtmoc.targets" from project "C:\Users\Administrator\Desktop\AbalienDiagramChaser\DiagramDetective.vcxproj" (target "QtWorkPrepare" depends on it):
                   Task "CreateProperty" (TaskId:110)
                   Done executing task "CreateProperty". (TaskId:110)
                   Task "Flatten" (TaskId:111)
                   Done executing task "Flatten". (TaskId:111)
                   Task "HostTranslatePaths" (TaskId:112)
                   Done executing task "HostTranslatePaths". (TaskId:112)
12:51:10.506     1>Done building target "QtMoc" in project "DiagramDetective.vcxproj".: (TargetId:198)
12:51:10.506     1>Target "QtMoc: (TargetId:199)" in file "C:\Users\Administrator\AppData\Local\QtMsBuild\moc\qtmoc.targets" from project "C:\Users\Administrator\Desktop\AbalienDiagramChaser\DiagramDetective.vcxproj" (target "QtWorkPrepare" depends on it):
                   Task "CreateProperty" (TaskId:113)
                   Done executing task "CreateProperty". (TaskId:113)
                   Task "Flatten" (TaskId:114)
                   Done executing task "Flatten". (TaskId:114)
                   Task "HostTranslatePaths" (TaskId:115)
                   Done executing task "HostTranslatePaths". (TaskId:115)
12:51:10.513     1>Done building target "QtMoc" in project "DiagramDetective.vcxproj".: (TargetId:199)
12:51:10.513     1>Target "QtMoc: (TargetId:200)" in file "C:\Users\Administrator\AppData\Local\QtMsBuild\moc\qtmoc.targets" from project "C:\Users\Administrator\Desktop\AbalienDiagramChaser\DiagramDetective.vcxproj" (target "QtWorkPrepare" depends on it):
                   Task "CreateProperty" (TaskId:116)
                   Done executing task "CreateProperty". (TaskId:116)
                   Task "Flatten" (TaskId:117)
                   Done executing task "Flatten". (TaskId:117)
                   Task "HostTranslatePaths" (TaskId:118)
                   Done executing task "HostTranslatePaths". (TaskId:118)
12:51:10.517     1>Done building target "QtMoc" in project "DiagramDetective.vcxproj".: (TargetId:200)
12:51:10.517     1>Target "QtMoc: (TargetId:201)" in file "C:\Users\Administrator\AppData\Local\QtMsBuild\moc\qtmoc.targets" from project "C:\Users\Administrator\Desktop\AbalienDiagramChaser\DiagramDetective.vcxproj" (target "QtWorkPrepare" depends on it):
                   Task "CreateProperty" (TaskId:119)
                   Done executing task "CreateProperty". (TaskId:119)
                   Task "Flatten" (TaskId:120)
                   Done executing task "Flatten". (TaskId:120)
                   Task "HostTranslatePaths" (TaskId:121)
                   Done executing task "HostTranslatePaths". (TaskId:121)
12:51:10.524     1>Done building target "QtMoc" in project "DiagramDetective.vcxproj".: (TargetId:201)
12:51:10.524     1>Target "QtMoc: (TargetId:202)" in file "C:\Users\Administrator\AppData\Local\QtMsBuild\moc\qtmoc.targets" from project "C:\Users\Administrator\Desktop\AbalienDiagramChaser\DiagramDetective.vcxproj" (target "QtWorkPrepare" depends on it):
12:51:10.524     1>Done building target "QtMoc" in project "DiagramDetective.vcxproj".: (TargetId:202)
12:51:10.524     1>Target "QtMoc: (TargetId:203)" in file "C:\Users\Administrator\AppData\Local\QtMsBuild\moc\qtmoc.targets" from project "C:\Users\Administrator\Desktop\AbalienDiagramChaser\DiagramDetective.vcxproj" (target "QtWorkPrepare" depends on it):
                   Task "CreateProperty" (TaskId:122)
                   Done executing task "CreateProperty". (TaskId:122)
                   Task "Flatten" (TaskId:123)
                   Done executing task "Flatten". (TaskId:123)
                   Task "HostTranslatePaths" (TaskId:124)
                   Done executing task "HostTranslatePaths". (TaskId:124)
12:51:10.531     1>Done building target "QtMoc" in project "DiagramDetective.vcxproj".: (TargetId:203)
12:51:10.531     1>Target "QtMoc: (TargetId:204)" in file "C:\Users\Administrator\AppData\Local\QtMsBuild\moc\qtmoc.targets" from project "C:\Users\Administrator\Desktop\AbalienDiagramChaser\DiagramDetective.vcxproj" (target "QtWorkPrepare" depends on it):
                   Task "CreateProperty" (TaskId:125)
                   Done executing task "CreateProperty". (TaskId:125)
                   Task "Flatten" (TaskId:126)
                   Done executing task "Flatten". (TaskId:126)
                   Task "HostTranslatePaths" (TaskId:127)
                   Done executing task "HostTranslatePaths". (TaskId:127)
12:51:10.537     1>Done building target "QtMoc" in project "DiagramDetective.vcxproj".: (TargetId:204)
12:51:10.537     1>Target "QtMoc: (TargetId:205)" in file "C:\Users\Administrator\AppData\Local\QtMsBuild\moc\qtmoc.targets" from project "C:\Users\Administrator\Desktop\AbalienDiagramChaser\DiagramDetective.vcxproj" (target "QtWorkPrepare" depends on it):
                   Task "CreateProperty" (TaskId:128)
                   Done executing task "CreateProperty". (TaskId:128)
                   Task "Flatten" (TaskId:129)
                   Done executing task "Flatten". (TaskId:129)
                   Task "HostTranslatePaths" (TaskId:130)
                   Done executing task "HostTranslatePaths". (TaskId:130)
12:51:10.543     1>Done building target "QtMoc" in project "DiagramDetective.vcxproj".: (TargetId:205)
12:51:10.543     1>Target "QtMoc: (TargetId:206)" in file "C:\Users\Administrator\AppData\Local\QtMsBuild\moc\qtmoc.targets" from project "C:\Users\Administrator\Desktop\AbalienDiagramChaser\DiagramDetective.vcxproj" (target "QtWorkPrepare" depends on it):
12:51:10.543     1>Done building target "QtMoc" in project "DiagramDetective.vcxproj".: (TargetId:206)
12:51:10.543     1>Target "QtMoc: (TargetId:207)" in file "C:\Users\Administrator\AppData\Local\QtMsBuild\moc\qtmoc.targets" from project "C:\Users\Administrator\Desktop\AbalienDiagramChaser\DiagramDetective.vcxproj" (target "QtWorkPrepare" depends on it):
12:51:10.544     1>Done building target "QtMoc" in project "DiagramDetective.vcxproj".: (TargetId:207)
12:51:10.544     1>Target "QtMoc: (TargetId:208)" in file "C:\Users\Administrator\AppData\Local\QtMsBuild\moc\qtmoc.targets" from project "C:\Users\Administrator\Desktop\AbalienDiagramChaser\DiagramDetective.vcxproj" (target "QtWorkPrepare" depends on it):
                   Task "CreateProperty" (TaskId:131)
                   Done executing task "CreateProperty". (TaskId:131)
                   Task "Flatten" (TaskId:132)
                   Done executing task "Flatten". (TaskId:132)
                   Task "HostTranslatePaths" (TaskId:133)
                   Done executing task "HostTranslatePaths". (TaskId:133)
12:51:10.551     1>Done building target "QtMoc" in project "DiagramDetective.vcxproj".: (TargetId:208)
12:51:10.551     1>Target "QtMoc: (TargetId:209)" in file "C:\Users\Administrator\AppData\Local\QtMsBuild\moc\qtmoc.targets" from project "C:\Users\Administrator\Desktop\AbalienDiagramChaser\DiagramDetective.vcxproj" (target "QtWorkPrepare" depends on it):
                   Task "CreateProperty" (TaskId:134)
                   Done executing task "CreateProperty". (TaskId:134)
                   Task "Flatten" (TaskId:135)
                   Done executing task "Flatten". (TaskId:135)
                   Task "HostTranslatePaths" (TaskId:136)
                   Done executing task "HostTranslatePaths". (TaskId:136)
12:51:10.556     1>Done building target "QtMoc" in project "DiagramDetective.vcxproj".: (TargetId:209)
12:51:10.556     1>Target "QtMoc: (TargetId:210)" in file "C:\Users\Administrator\AppData\Local\QtMsBuild\moc\qtmoc.targets" from project "C:\Users\Administrator\Desktop\AbalienDiagramChaser\DiagramDetective.vcxproj" (target "QtWorkPrepare" depends on it):
                   Task "CreateProperty" (TaskId:137)
                   Done executing task "CreateProperty". (TaskId:137)
                   Task "Flatten" (TaskId:138)
                   Done executing task "Flatten". (TaskId:138)
                   Task "HostTranslatePaths" (TaskId:139)
                   Done executing task "HostTranslatePaths". (TaskId:139)
12:51:10.561     1>Done building target "QtMoc" in project "DiagramDetective.vcxproj".: (TargetId:210)
12:51:10.561     1>Target "QtMoc: (TargetId:211)" in file "C:\Users\Administrator\AppData\Local\QtMsBuild\moc\qtmoc.targets" from project "C:\Users\Administrator\Desktop\AbalienDiagramChaser\DiagramDetective.vcxproj" (target "QtWorkPrepare" depends on it):
                   Task "CreateProperty" (TaskId:140)
                   Done executing task "CreateProperty". (TaskId:140)
                   Task "Flatten" (TaskId:141)
                   Done executing task "Flatten". (TaskId:141)
                   Task "HostTranslatePaths" (TaskId:142)
                   Done executing task "HostTranslatePaths". (TaskId:142)
12:51:10.568     1>Done building target "QtMoc" in project "DiagramDetective.vcxproj".: (TargetId:211)
12:51:10.568     1>Target "QtMoc: (TargetId:212)" in file "C:\Users\Administrator\AppData\Local\QtMsBuild\moc\qtmoc.targets" from project "C:\Users\Administrator\Desktop\AbalienDiagramChaser\DiagramDetective.vcxproj" (target "QtWorkPrepare" depends on it):
                   Task "CreateProperty" (TaskId:143)
                   Done executing task "CreateProperty". (TaskId:143)
                   Task "Flatten" (TaskId:144)
                   Done executing task "Flatten". (TaskId:144)
                   Task "HostTranslatePaths" (TaskId:145)
                   Done executing task "HostTranslatePaths". (TaskId:145)
12:51:10.574     1>Done building target "QtMoc" in project "DiagramDetective.vcxproj".: (TargetId:212)
12:51:10.574     1>Target "QtMoc: (TargetId:213)" in file "C:\Users\Administrator\AppData\Local\QtMsBuild\moc\qtmoc.targets" from project "C:\Users\Administrator\Desktop\AbalienDiagramChaser\DiagramDetective.vcxproj" (target "QtWorkPrepare" depends on it):
                   Task "CreateProperty" (TaskId:146)
                   Done executing task "CreateProperty". (TaskId:146)
                   Task "Flatten" (TaskId:147)
                   Done executing task "Flatten". (TaskId:147)
                   Task "HostTranslatePaths" (TaskId:148)
                   Done executing task "HostTranslatePaths". (TaskId:148)
12:51:10.579     1>Done building target "QtMoc" in project "DiagramDetective.vcxproj".: (TargetId:213)
12:51:10.579     1>Target "QtMoc: (TargetId:214)" in file "C:\Users\Administrator\AppData\Local\QtMsBuild\moc\qtmoc.targets" from project "C:\Users\Administrator\Desktop\AbalienDiagramChaser\DiagramDetective.vcxproj" (target "QtWorkPrepare" depends on it):
                   Task "CreateProperty" (TaskId:149)
                   Done executing task "CreateProperty". (TaskId:149)
                   Task "Flatten" (TaskId:150)
                   Done executing task "Flatten". (TaskId:150)
                   Task "HostTranslatePaths" (TaskId:151)
                   Done executing task "HostTranslatePaths". (TaskId:151)
12:51:10.585     1>Done building target "QtMoc" in project "DiagramDetective.vcxproj".: (TargetId:214)
12:51:10.585     1>Target "QtMoc: (TargetId:215)" in file "C:\Users\Administrator\AppData\Local\QtMsBuild\moc\qtmoc.targets" from project "C:\Users\Administrator\Desktop\AbalienDiagramChaser\DiagramDetective.vcxproj" (target "QtWorkPrepare" depends on it):
                   Task "CreateProperty" (TaskId:152)
                   Done executing task "CreateProperty". (TaskId:152)
                   Task "Flatten" (TaskId:153)
                   Done executing task "Flatten". (TaskId:153)
                   Task "HostTranslatePaths" (TaskId:154)
                   Done executing task "HostTranslatePaths". (TaskId:154)
12:51:10.590     1>Done building target "QtMoc" in project "DiagramDetective.vcxproj".: (TargetId:215)
12:51:10.590     1>Target "QtMoc: (TargetId:216)" in file "C:\Users\Administrator\AppData\Local\QtMsBuild\moc\qtmoc.targets" from project "C:\Users\Administrator\Desktop\AbalienDiagramChaser\DiagramDetective.vcxproj" (target "QtWorkPrepare" depends on it):
                   Task "CreateProperty" (TaskId:155)
                   Done executing task "CreateProperty". (TaskId:155)
                   Task "Flatten" (TaskId:156)
                   Done executing task "Flatten". (TaskId:156)
                   Task "HostTranslatePaths" (TaskId:157)
                   Done executing task "HostTranslatePaths". (TaskId:157)
12:51:10.596     1>Done building target "QtMoc" in project "DiagramDetective.vcxproj".: (TargetId:216)
12:51:10.596     1>Target "QtMoc: (TargetId:217)" in file "C:\Users\Administrator\AppData\Local\QtMsBuild\moc\qtmoc.targets" from project "C:\Users\Administrator\Desktop\AbalienDiagramChaser\DiagramDetective.vcxproj" (target "QtWorkPrepare" depends on it):
                   Task "CreateProperty" (TaskId:158)
                   Done executing task "CreateProperty". (TaskId:158)
                   Task "Flatten" (TaskId:159)
                   Done executing task "Flatten". (TaskId:159)
                   Task "HostTranslatePaths" (TaskId:160)
                   Done executing task "HostTranslatePaths". (TaskId:160)
12:51:10.603     1>Done building target "QtMoc" in project "DiagramDetective.vcxproj".: (TargetId:217)
12:51:10.603     1>Target "QtMoc: (TargetId:218)" in file "C:\Users\Administrator\AppData\Local\QtMsBuild\moc\qtmoc.targets" from project "C:\Users\Administrator\Desktop\AbalienDiagramChaser\DiagramDetective.vcxproj" (target "QtWorkPrepare" depends on it):
                   Task "CreateProperty" (TaskId:161)
                   Done executing task "CreateProperty". (TaskId:161)
                   Task "Flatten" (TaskId:162)
                   Done executing task "Flatten". (TaskId:162)
                   Task "HostTranslatePaths" (TaskId:163)
                   Done executing task "HostTranslatePaths". (TaskId:163)
12:51:10.609     1>Done building target "QtMoc" in project "DiagramDetective.vcxproj".: (TargetId:218)
12:51:10.609     1>Target "QtMoc: (TargetId:219)" in file "C:\Users\Administrator\AppData\Local\QtMsBuild\moc\qtmoc.targets" from project "C:\Users\Administrator\Desktop\AbalienDiagramChaser\DiagramDetective.vcxproj" (target "QtWorkPrepare" depends on it):
                   Task "CreateProperty" (TaskId:164)
                   Done executing task "CreateProperty". (TaskId:164)
                   Task "Flatten" (TaskId:165)
                   Done executing task "Flatten". (TaskId:165)
                   Task "HostTranslatePaths" (TaskId:166)
                   Done executing task "HostTranslatePaths". (TaskId:166)
12:51:10.614     1>Done building target "QtMoc" in project "DiagramDetective.vcxproj".: (TargetId:219)
12:51:10.614     1>Target "QtMoc: (TargetId:220)" in file "C:\Users\Administrator\AppData\Local\QtMsBuild\moc\qtmoc.targets" from project "C:\Users\Administrator\Desktop\AbalienDiagramChaser\DiagramDetective.vcxproj" (target "QtWorkPrepare" depends on it):
                   Task "CreateProperty" (TaskId:167)
                   Done executing task "CreateProperty". (TaskId:167)
                   Task "Flatten" (TaskId:168)
                   Done executing task "Flatten". (TaskId:168)
                   Task "HostTranslatePaths" (TaskId:169)
                   Done executing task "HostTranslatePaths". (TaskId:169)
12:51:10.620     1>Done building target "QtMoc" in project "DiagramDetective.vcxproj".: (TargetId:220)
12:51:10.620     1>Target "QtMoc: (TargetId:221)" in file "C:\Users\Administrator\AppData\Local\QtMsBuild\moc\qtmoc.targets" from project "C:\Users\Administrator\Desktop\AbalienDiagramChaser\DiagramDetective.vcxproj" (target "QtWorkPrepare" depends on it):
12:51:10.621     1>Done building target "QtMoc" in project "DiagramDetective.vcxproj".: (TargetId:221)
12:51:10.621     1>Target "QtMoc: (TargetId:222)" in file "C:\Users\Administrator\AppData\Local\QtMsBuild\moc\qtmoc.targets" from project "C:\Users\Administrator\Desktop\AbalienDiagramChaser\DiagramDetective.vcxproj" (target "QtWorkPrepare" depends on it):
                   Task "CreateProperty" (TaskId:170)
                   Done executing task "CreateProperty". (TaskId:170)
                   Task "Flatten" (TaskId:171)
                   Done executing task "Flatten". (TaskId:171)
                   Task "HostTranslatePaths" (TaskId:172)
                   Done executing task "HostTranslatePaths". (TaskId:172)
12:51:10.627     1>Done building target "QtMoc" in project "DiagramDetective.vcxproj".: (TargetId:222)
12:51:10.627     1>Target "QtMoc: (TargetId:223)" in file "C:\Users\Administrator\AppData\Local\QtMsBuild\moc\qtmoc.targets" from project "C:\Users\Administrator\Desktop\AbalienDiagramChaser\DiagramDetective.vcxproj" (target "QtWorkPrepare" depends on it):
                   Task "CreateProperty" (TaskId:173)
                   Done executing task "CreateProperty". (TaskId:173)
                   Task "Flatten" (TaskId:174)
                   Done executing task "Flatten". (TaskId:174)
                   Task "HostTranslatePaths" (TaskId:175)
                   Done executing task "HostTranslatePaths". (TaskId:175)
12:51:10.632     1>Done building target "QtMoc" in project "DiagramDetective.vcxproj".: (TargetId:223)
12:51:10.632     1>Target "QtMoc: (TargetId:224)" in file "C:\Users\Administrator\AppData\Local\QtMsBuild\moc\qtmoc.targets" from project "C:\Users\Administrator\Desktop\AbalienDiagramChaser\DiagramDetective.vcxproj" (target "QtWorkPrepare" depends on it):
                   Task "CreateProperty" (TaskId:176)
                   Done executing task "CreateProperty". (TaskId:176)
                   Task "Flatten" (TaskId:177)
                   Done executing task "Flatten". (TaskId:177)
                   Task "HostTranslatePaths" (TaskId:178)
                   Done executing task "HostTranslatePaths". (TaskId:178)
12:51:10.639     1>Done building target "QtMoc" in project "DiagramDetective.vcxproj".: (TargetId:224)
12:51:10.639     1>Target "QtMoc: (TargetId:225)" in file "C:\Users\Administrator\AppData\Local\QtMsBuild\moc\qtmoc.targets" from project "C:\Users\Administrator\Desktop\AbalienDiagramChaser\DiagramDetective.vcxproj" (target "QtWorkPrepare" depends on it):
                   Task "CreateProperty" (TaskId:179)
                   Done executing task "CreateProperty". (TaskId:179)
                   Task "Flatten" (TaskId:180)
                   Done executing task "Flatten". (TaskId:180)
                   Task "HostTranslatePaths" (TaskId:181)
                   Done executing task "HostTranslatePaths". (TaskId:181)
12:51:10.645     1>Done building target "QtMoc" in project "DiagramDetective.vcxproj".: (TargetId:225)
12:51:10.645     1>Target "QtMoc: (TargetId:226)" in file "C:\Users\Administrator\AppData\Local\QtMsBuild\moc\qtmoc.targets" from project "C:\Users\Administrator\Desktop\AbalienDiagramChaser\DiagramDetective.vcxproj" (target "QtWorkPrepare" depends on it):
                   Task "CreateProperty" (TaskId:182)
                   Done executing task "CreateProperty". (TaskId:182)
                   Task "Flatten" (TaskId:183)
                   Done executing task "Flatten". (TaskId:183)
                   Task "HostTranslatePaths" (TaskId:184)
                   Done executing task "HostTranslatePaths". (TaskId:184)
12:51:10.649     1>Done building target "QtMoc" in project "DiagramDetective.vcxproj".: (TargetId:226)
12:51:10.649     1>Target "QtMoc: (TargetId:227)" in file "C:\Users\Administrator\AppData\Local\QtMsBuild\moc\qtmoc.targets" from project "C:\Users\Administrator\Desktop\AbalienDiagramChaser\DiagramDetective.vcxproj" (target "QtWorkPrepare" depends on it):
                   Task "CreateProperty" (TaskId:185)
                   Done executing task "CreateProperty". (TaskId:185)
                   Task "Flatten" (TaskId:186)
                   Done executing task "Flatten". (TaskId:186)
                   Task "HostTranslatePaths" (TaskId:187)
                   Done executing task "HostTranslatePaths". (TaskId:187)
12:51:10.656     1>Done building target "QtMoc" in project "DiagramDetective.vcxproj".: (TargetId:227)
12:51:10.656     1>Target "QtMoc: (TargetId:228)" in file "C:\Users\Administrator\AppData\Local\QtMsBuild\moc\qtmoc.targets" from project "C:\Users\Administrator\Desktop\AbalienDiagramChaser\DiagramDetective.vcxproj" (target "QtWorkPrepare" depends on it):
                   Task "CreateProperty" (TaskId:188)
                   Done executing task "CreateProperty". (TaskId:188)
                   Task "Flatten" (TaskId:189)
                   Done executing task "Flatten". (TaskId:189)
                   Task "HostTranslatePaths" (TaskId:190)
                   Done executing task "HostTranslatePaths". (TaskId:190)
12:51:10.662     1>Done building target "QtMoc" in project "DiagramDetective.vcxproj".: (TargetId:228)
12:51:10.662     1>Target "QtMoc: (TargetId:229)" in file "C:\Users\Administrator\AppData\Local\QtMsBuild\moc\qtmoc.targets" from project "C:\Users\Administrator\Desktop\AbalienDiagramChaser\DiagramDetective.vcxproj" (target "QtWorkPrepare" depends on it):
                   Task "CreateProperty" (TaskId:191)
                   Done executing task "CreateProperty". (TaskId:191)
                   Task "Flatten" (TaskId:192)
                   Done executing task "Flatten". (TaskId:192)
                   Task "HostTranslatePaths" (TaskId:193)
                   Done executing task "HostTranslatePaths". (TaskId:193)
12:51:10.668     1>Done building target "QtMoc" in project "DiagramDetective.vcxproj".: (TargetId:229)
12:51:10.668     1>Target "QtMoc: (TargetId:230)" in file "C:\Users\Administrator\AppData\Local\QtMsBuild\moc\qtmoc.targets" from project "C:\Users\Administrator\Desktop\AbalienDiagramChaser\DiagramDetective.vcxproj" (target "QtWorkPrepare" depends on it):
                   Task "CreateProperty" (TaskId:194)
                   Done executing task "CreateProperty". (TaskId:194)
                   Task "Flatten" (TaskId:195)
                   Done executing task "Flatten". (TaskId:195)
                   Task "HostTranslatePaths" (TaskId:196)
                   Done executing task "HostTranslatePaths". (TaskId:196)
12:51:10.674     1>Done building target "QtMoc" in project "DiagramDetective.vcxproj".: (TargetId:230)
12:51:10.674     1>Target "QtMoc: (TargetId:231)" in file "C:\Users\Administrator\AppData\Local\QtMsBuild\moc\qtmoc.targets" from project "C:\Users\Administrator\Desktop\AbalienDiagramChaser\DiagramDetective.vcxproj" (target "QtWorkPrepare" depends on it):
                   Task "CreateProperty" (TaskId:197)
                   Done executing task "CreateProperty". (TaskId:197)
                   Task "Flatten" (TaskId:198)
                   Done executing task "Flatten". (TaskId:198)
                   Task "HostTranslatePaths" (TaskId:199)
                   Done executing task "HostTranslatePaths". (TaskId:199)
12:51:10.680     1>Done building target "QtMoc" in project "DiagramDetective.vcxproj".: (TargetId:231)
12:51:10.680     1>Target "QtQmlCreateItems: (TargetId:232)" in file "C:\Users\Administrator\AppData\Local\QtMsBuild\qml\qtqml.targets" from project "C:\Users\Administrator\Desktop\AbalienDiagramChaser\DiagramDetective.vcxproj" (target "QtQml" depends on it):
12:51:10.682     1>Done building target "QtQmlCreateItems" in project "DiagramDetective.vcxproj".: (TargetId:232)
12:51:10.682     1>Target "QtQml: (TargetId:233)" in file "C:\Users\Administrator\AppData\Local\QtMsBuild\qml\qtqml.targets" from project "C:\Users\Administrator\Desktop\AbalienDiagramChaser\DiagramDetective.vcxproj" (target "QtWorkPrepare" depends on it):
12:51:10.682     1>Done building target "QtQml" in project "DiagramDetective.vcxproj".: (TargetId:233)
12:51:10.682     1>Target "QtWorkPrepare: (TargetId:234)" in file "C:\Users\Administrator\AppData\Local\QtMsBuild\qt_work.targets" from project "C:\Users\Administrator\Desktop\AbalienDiagramChaser\DiagramDetective.vcxproj" (target "QtWork" depends on it):
                   Task "GetItemHash" (TaskId:200)
                   Done executing task "GetItemHash". (TaskId:200)
                   Task "FindInList" (TaskId:201)
                   Done executing task "FindInList". (TaskId:201)
12:51:10.683     1>Done building target "QtWorkPrepare" in project "DiagramDetective.vcxproj".: (TargetId:234)
12:51:10.683     1>Target "QtWorkPrepare: (TargetId:235)" in file "C:\Users\Administrator\AppData\Local\QtMsBuild\qt_work.targets" from project "C:\Users\Administrator\Desktop\AbalienDiagramChaser\DiagramDetective.vcxproj" (target "QtWork" depends on it):
                   Task "GetItemHash" (TaskId:202)
                   Done executing task "GetItemHash". (TaskId:202)
                   Task "FindInList" (TaskId:203)
                   Done executing task "FindInList". (TaskId:203)
12:51:10.684     1>Done building target "QtWorkPrepare" in project "DiagramDetective.vcxproj".: (TargetId:235)
12:51:10.684     1>Target "QtWorkPrepare: (TargetId:236)" in file "C:\Users\Administrator\AppData\Local\QtMsBuild\qt_work.targets" from project "C:\Users\Administrator\Desktop\AbalienDiagramChaser\DiagramDetective.vcxproj" (target "QtWork" depends on it):
                   Task "GetItemHash" (TaskId:204)
                   Done executing task "GetItemHash". (TaskId:204)
                   Task "FindInList" (TaskId:205)
                   Done executing task "FindInList". (TaskId:205)
12:51:10.685     1>Done building target "QtWorkPrepare" in project "DiagramDetective.vcxproj".: (TargetId:236)
12:51:10.685     1>Target "QtWorkPrepare: (TargetId:237)" in file "C:\Users\Administrator\AppData\Local\QtMsBuild\qt_work.targets" from project "C:\Users\Administrator\Desktop\AbalienDiagramChaser\DiagramDetective.vcxproj" (target "QtWork" depends on it):
                   Task "GetItemHash" (TaskId:206)
                   Done executing task "GetItemHash". (TaskId:206)
                   Task "MakeDir" (TaskId:207)
                   Done executing task "MakeDir". (TaskId:207)
12:51:10.685     1>Done building target "QtWorkPrepare" in project "DiagramDetective.vcxproj".: (TargetId:237)
12:51:10.685     1>Target "QtWorkPrepare: (TargetId:238)" in file "C:\Users\Administrator\AppData\Local\QtMsBuild\qt_work.targets" from project "C:\Users\Administrator\Desktop\AbalienDiagramChaser\DiagramDetective.vcxproj" (target "QtWork" depends on it):
                   Task "GetItemHash" (TaskId:208)
                   Done executing task "GetItemHash". (TaskId:208)
                   Task "FindInList" (TaskId:209)
                   Done executing task "FindInList". (TaskId:209)
12:51:10.686     1>Done building target "QtWorkPrepare" in project "DiagramDetective.vcxproj".: (TargetId:238)
12:51:10.686     1>Target "QtWorkPrepare: (TargetId:239)" in file "C:\Users\Administrator\AppData\Local\QtMsBuild\qt_work.targets" from project "C:\Users\Administrator\Desktop\AbalienDiagramChaser\DiagramDetective.vcxproj" (target "QtWork" depends on it):
                   Task "GetItemHash" (TaskId:210)
                   Done executing task "GetItemHash". (TaskId:210)
                   Task "FindInList" (TaskId:211)
                   Done executing task "FindInList". (TaskId:211)
12:51:10.686     1>Done building target "QtWorkPrepare" in project "DiagramDetective.vcxproj".: (TargetId:239)
12:51:10.686     1>Target "QtWorkPrepare: (TargetId:240)" in file "C:\Users\Administrator\AppData\Local\QtMsBuild\qt_work.targets" from project "C:\Users\Administrator\Desktop\AbalienDiagramChaser\DiagramDetective.vcxproj" (target "QtWork" depends on it):
                   Task "GetItemHash" (TaskId:212)
                   Done executing task "GetItemHash". (TaskId:212)
                   Task "FindInList" (TaskId:213)
                   Done executing task "FindInList". (TaskId:213)
12:51:10.687     1>Done building target "QtWorkPrepare" in project "DiagramDetective.vcxproj".: (TargetId:240)
12:51:10.687     1>Target "QtWorkPrepare: (TargetId:241)" in file "C:\Users\Administrator\AppData\Local\QtMsBuild\qt_work.targets" from project "C:\Users\Administrator\Desktop\AbalienDiagramChaser\DiagramDetective.vcxproj" (target "QtWork" depends on it):
                   Task "GetItemHash" (TaskId:214)
                   Done executing task "GetItemHash". (TaskId:214)
                   Task "FindInList" (TaskId:215)
                   Done executing task "FindInList". (TaskId:215)
12:51:10.687     1>Done building target "QtWorkPrepare" in project "DiagramDetective.vcxproj".: (TargetId:241)
12:51:10.687     1>Target "QtWorkPrepare: (TargetId:242)" in file "C:\Users\Administrator\AppData\Local\QtMsBuild\qt_work.targets" from project "C:\Users\Administrator\Desktop\AbalienDiagramChaser\DiagramDetective.vcxproj" (target "QtWork" depends on it):
                   Task "GetItemHash" (TaskId:216)
                   Done executing task "GetItemHash". (TaskId:216)
                   Task "FindInList" (TaskId:217)
                   Done executing task "FindInList". (TaskId:217)
12:51:10.688     1>Done building target "QtWorkPrepare" in project "DiagramDetective.vcxproj".: (TargetId:242)
12:51:10.688     1>Target "QtWorkPrepare: (TargetId:243)" in file "C:\Users\Administrator\AppData\Local\QtMsBuild\qt_work.targets" from project "C:\Users\Administrator\Desktop\AbalienDiagramChaser\DiagramDetective.vcxproj" (target "QtWork" depends on it):
                   Task "GetItemHash" (TaskId:218)
                   Done executing task "GetItemHash". (TaskId:218)
                   Task "FindInList" (TaskId:219)
                   Done executing task "FindInList". (TaskId:219)
12:51:10.688     1>Done building target "QtWorkPrepare" in project "DiagramDetective.vcxproj".: (TargetId:243)
12:51:10.688     1>Target "QtWorkPrepare: (TargetId:244)" in file "C:\Users\Administrator\AppData\Local\QtMsBuild\qt_work.targets" from project "C:\Users\Administrator\Desktop\AbalienDiagramChaser\DiagramDetective.vcxproj" (target "QtWork" depends on it):
                   Task "GetItemHash" (TaskId:220)
                   Done executing task "GetItemHash". (TaskId:220)
                   Task "FindInList" (TaskId:221)
                   Done executing task "FindInList". (TaskId:221)
12:51:10.689     1>Done building target "QtWorkPrepare" in project "DiagramDetective.vcxproj".: (TargetId:244)
12:51:10.689     1>Target "QtWorkPrepare: (TargetId:245)" in file "C:\Users\Administrator\AppData\Local\QtMsBuild\qt_work.targets" from project "C:\Users\Administrator\Desktop\AbalienDiagramChaser\DiagramDetective.vcxproj" (target "QtWork" depends on it):
                   Task "GetItemHash" (TaskId:222)
                   Done executing task "GetItemHash". (TaskId:222)
                   Task "FindInList" (TaskId:223)
                   Done executing task "FindInList". (TaskId:223)
12:51:10.689     1>Done building target "QtWorkPrepare" in project "DiagramDetective.vcxproj".: (TargetId:245)
12:51:10.689     1>Target "QtWorkPrepare: (TargetId:246)" in file "C:\Users\Administrator\AppData\Local\QtMsBuild\qt_work.targets" from project "C:\Users\Administrator\Desktop\AbalienDiagramChaser\DiagramDetective.vcxproj" (target "QtWork" depends on it):
                   Task "GetItemHash" (TaskId:224)
                   Done executing task "GetItemHash". (TaskId:224)
                   Task "FindInList" (TaskId:225)
                   Done executing task "FindInList". (TaskId:225)
12:51:10.689     1>Done building target "QtWorkPrepare" in project "DiagramDetective.vcxproj".: (TargetId:246)
12:51:10.689     1>Target "QtWorkPrepare: (TargetId:247)" in file "C:\Users\Administrator\AppData\Local\QtMsBuild\qt_work.targets" from project "C:\Users\Administrator\Desktop\AbalienDiagramChaser\DiagramDetective.vcxproj" (target "QtWork" depends on it):
                   Task "GetItemHash" (TaskId:226)
                   Done executing task "GetItemHash". (TaskId:226)
                   Task "FindInList" (TaskId:227)
                   Done executing task "FindInList". (TaskId:227)
12:51:10.690     1>Done building target "QtWorkPrepare" in project "DiagramDetective.vcxproj".: (TargetId:247)
12:51:10.690     1>Target "QtWorkPrepare: (TargetId:248)" in file "C:\Users\Administrator\AppData\Local\QtMsBuild\qt_work.targets" from project "C:\Users\Administrator\Desktop\AbalienDiagramChaser\DiagramDetective.vcxproj" (target "QtWork" depends on it):
                   Task "GetItemHash" (TaskId:228)
                   Done executing task "GetItemHash". (TaskId:228)
                   Task "FindInList" (TaskId:229)
                   Done executing task "FindInList". (TaskId:229)
12:51:10.690     1>Done building target "QtWorkPrepare" in project "DiagramDetective.vcxproj".: (TargetId:248)
12:51:10.690     1>Target "QtWorkPrepare: (TargetId:249)" in file "C:\Users\Administrator\AppData\Local\QtMsBuild\qt_work.targets" from project "C:\Users\Administrator\Desktop\AbalienDiagramChaser\DiagramDetective.vcxproj" (target "QtWork" depends on it):
                   Task "GetItemHash" (TaskId:230)
                   Done executing task "GetItemHash". (TaskId:230)
                   Task "FindInList" (TaskId:231)
                   Done executing task "FindInList". (TaskId:231)
12:51:10.691     1>Done building target "QtWorkPrepare" in project "DiagramDetective.vcxproj".: (TargetId:249)
12:51:10.691     1>Target "QtWorkPrepare: (TargetId:250)" in file "C:\Users\Administrator\AppData\Local\QtMsBuild\qt_work.targets" from project "C:\Users\Administrator\Desktop\AbalienDiagramChaser\DiagramDetective.vcxproj" (target "QtWork" depends on it):
                   Task "GetItemHash" (TaskId:232)
                   Done executing task "GetItemHash". (TaskId:232)
                   Task "FindInList" (TaskId:233)
                   Done executing task "FindInList". (TaskId:233)
12:51:10.692     1>Done building target "QtWorkPrepare" in project "DiagramDetective.vcxproj".: (TargetId:250)
12:51:10.692     1>Target "QtWorkPrepare: (TargetId:251)" in file "C:\Users\Administrator\AppData\Local\QtMsBuild\qt_work.targets" from project "C:\Users\Administrator\Desktop\AbalienDiagramChaser\DiagramDetective.vcxproj" (target "QtWork" depends on it):
                   Task "GetItemHash" (TaskId:234)
                   Done executing task "GetItemHash". (TaskId:234)
                   Task "FindInList" (TaskId:235)
                   Done executing task "FindInList". (TaskId:235)
12:51:10.692     1>Done building target "QtWorkPrepare" in project "DiagramDetective.vcxproj".: (TargetId:251)
12:51:10.692     1>Target "QtWorkPrepare: (TargetId:252)" in file "C:\Users\Administrator\AppData\Local\QtMsBuild\qt_work.targets" from project "C:\Users\Administrator\Desktop\AbalienDiagramChaser\DiagramDetective.vcxproj" (target "QtWork" depends on it):
                   Task "GetItemHash" (TaskId:236)
                   Done executing task "GetItemHash". (TaskId:236)
                   Task "FindInList" (TaskId:237)
                   Done executing task "FindInList". (TaskId:237)
12:51:10.692     1>Done building target "QtWorkPrepare" in project "DiagramDetective.vcxproj".: (TargetId:252)
12:51:10.692     1>Target "QtWorkPrepare: (TargetId:253)" in file "C:\Users\Administrator\AppData\Local\QtMsBuild\qt_work.targets" from project "C:\Users\Administrator\Desktop\AbalienDiagramChaser\DiagramDetective.vcxproj" (target "QtWork" depends on it):
                   Task "GetItemHash" (TaskId:238)
                   Done executing task "GetItemHash". (TaskId:238)
                   Task "FindInList" (TaskId:239)
                   Done executing task "FindInList". (TaskId:239)
12:51:10.693     1>Done building target "QtWorkPrepare" in project "DiagramDetective.vcxproj".: (TargetId:253)
12:51:10.693     1>Target "QtWorkPrepare: (TargetId:254)" in file "C:\Users\Administrator\AppData\Local\QtMsBuild\qt_work.targets" from project "C:\Users\Administrator\Desktop\AbalienDiagramChaser\DiagramDetective.vcxproj" (target "QtWork" depends on it):
                   Task "GetItemHash" (TaskId:240)
                   Done executing task "GetItemHash". (TaskId:240)
                   Task "FindInList" (TaskId:241)
                   Done executing task "FindInList". (TaskId:241)
12:51:10.693     1>Done building target "QtWorkPrepare" in project "DiagramDetective.vcxproj".: (TargetId:254)
12:51:10.693     1>Target "QtWorkPrepare: (TargetId:255)" in file "C:\Users\Administrator\AppData\Local\QtMsBuild\qt_work.targets" from project "C:\Users\Administrator\Desktop\AbalienDiagramChaser\DiagramDetective.vcxproj" (target "QtWork" depends on it):
                   Task "GetItemHash" (TaskId:242)
                   Done executing task "GetItemHash". (TaskId:242)
                   Task "FindInList" (TaskId:243)
                   Done executing task "FindInList". (TaskId:243)
12:51:10.695     1>Done building target "QtWorkPrepare" in project "DiagramDetective.vcxproj".: (TargetId:255)
12:51:10.695     1>Target "QtWorkPrepare: (TargetId:256)" in file "C:\Users\Administrator\AppData\Local\QtMsBuild\qt_work.targets" from project "C:\Users\Administrator\Desktop\AbalienDiagramChaser\DiagramDetective.vcxproj" (target "QtWork" depends on it):
                   Task "GetItemHash" (TaskId:244)
                   Done executing task "GetItemHash". (TaskId:244)
                   Task "FindInList" (TaskId:245)
                   Done executing task "FindInList". (TaskId:245)
12:51:10.695     1>Done building target "QtWorkPrepare" in project "DiagramDetective.vcxproj".: (TargetId:256)
12:51:10.695     1>Target "QtWorkPrepare: (TargetId:257)" in file "C:\Users\Administrator\AppData\Local\QtMsBuild\qt_work.targets" from project "C:\Users\Administrator\Desktop\AbalienDiagramChaser\DiagramDetective.vcxproj" (target "QtWork" depends on it):
                   Task "GetItemHash" (TaskId:246)
                   Done executing task "GetItemHash". (TaskId:246)
                   Task "FindInList" (TaskId:247)
                   Done executing task "FindInList". (TaskId:247)
12:51:10.696     1>Done building target "QtWorkPrepare" in project "DiagramDetective.vcxproj".: (TargetId:257)
12:51:10.696     1>Target "QtWorkPrepare: (TargetId:258)" in file "C:\Users\Administrator\AppData\Local\QtMsBuild\qt_work.targets" from project "C:\Users\Administrator\Desktop\AbalienDiagramChaser\DiagramDetective.vcxproj" (target "QtWork" depends on it):
                   Task "GetItemHash" (TaskId:248)
                   Done executing task "GetItemHash". (TaskId:248)
                   Task "FindInList" (TaskId:249)
                   Done executing task "FindInList". (TaskId:249)
12:51:10.696     1>Done building target "QtWorkPrepare" in project "DiagramDetective.vcxproj".: (TargetId:258)
12:51:10.696     1>Target "QtWorkPrepare: (TargetId:259)" in file "C:\Users\Administrator\AppData\Local\QtMsBuild\qt_work.targets" from project "C:\Users\Administrator\Desktop\AbalienDiagramChaser\DiagramDetective.vcxproj" (target "QtWork" depends on it):
                   Task "GetItemHash" (TaskId:250)
                   Done executing task "GetItemHash". (TaskId:250)
                   Task "FindInList" (TaskId:251)
                   Done executing task "FindInList". (TaskId:251)
12:51:10.697     1>Done building target "QtWorkPrepare" in project "DiagramDetective.vcxproj".: (TargetId:259)
12:51:10.697     1>Target "QtWorkPrepare: (TargetId:260)" in file "C:\Users\Administrator\AppData\Local\QtMsBuild\qt_work.targets" from project "C:\Users\Administrator\Desktop\AbalienDiagramChaser\DiagramDetective.vcxproj" (target "QtWork" depends on it):
                   Task "GetItemHash" (TaskId:252)
                   Done executing task "GetItemHash". (TaskId:252)
                   Task "FindInList" (TaskId:253)
                   Done executing task "FindInList". (TaskId:253)
12:51:10.697     1>Done building target "QtWorkPrepare" in project "DiagramDetective.vcxproj".: (TargetId:260)
12:51:10.697     1>Target "QtWorkPrepare: (TargetId:261)" in file "C:\Users\Administrator\AppData\Local\QtMsBuild\qt_work.targets" from project "C:\Users\Administrator\Desktop\AbalienDiagramChaser\DiagramDetective.vcxproj" (target "QtWork" depends on it):
                   Task "GetItemHash" (TaskId:254)
                   Done executing task "GetItemHash". (TaskId:254)
                   Task "FindInList" (TaskId:255)
                   Done executing task "FindInList". (TaskId:255)
12:51:10.698     1>Done building target "QtWorkPrepare" in project "DiagramDetective.vcxproj".: (TargetId:261)
12:51:10.698     1>Target "QtWorkPrepare: (TargetId:262)" in file "C:\Users\Administrator\AppData\Local\QtMsBuild\qt_work.targets" from project "C:\Users\Administrator\Desktop\AbalienDiagramChaser\DiagramDetective.vcxproj" (target "QtWork" depends on it):
                   Task "GetItemHash" (TaskId:256)
                   Done executing task "GetItemHash". (TaskId:256)
                   Task "FindInList" (TaskId:257)
                   Done executing task "FindInList". (TaskId:257)
12:51:10.698     1>Done building target "QtWorkPrepare" in project "DiagramDetective.vcxproj".: (TargetId:262)
12:51:10.698     1>Target "QtWorkPrepare: (TargetId:263)" in file "C:\Users\Administrator\AppData\Local\QtMsBuild\qt_work.targets" from project "C:\Users\Administrator\Desktop\AbalienDiagramChaser\DiagramDetective.vcxproj" (target "QtWork" depends on it):
                   Task "GetItemHash" (TaskId:258)
                   Done executing task "GetItemHash". (TaskId:258)
                   Task "FindInList" (TaskId:259)
                   Done executing task "FindInList". (TaskId:259)
12:51:10.699     1>Done building target "QtWorkPrepare" in project "DiagramDetective.vcxproj".: (TargetId:263)
12:51:10.699     1>Target "QtWorkPrepare: (TargetId:264)" in file "C:\Users\Administrator\AppData\Local\QtMsBuild\qt_work.targets" from project "C:\Users\Administrator\Desktop\AbalienDiagramChaser\DiagramDetective.vcxproj" (target "QtWork" depends on it):
                   Task "GetItemHash" (TaskId:260)
                   Done executing task "GetItemHash". (TaskId:260)
                   Task "FindInList" (TaskId:261)
                   Done executing task "FindInList". (TaskId:261)
12:51:10.699     1>Done building target "QtWorkPrepare" in project "DiagramDetective.vcxproj".: (TargetId:264)
12:51:10.699     1>Target "QtWorkPrepare: (TargetId:265)" in file "C:\Users\Administrator\AppData\Local\QtMsBuild\qt_work.targets" from project "C:\Users\Administrator\Desktop\AbalienDiagramChaser\DiagramDetective.vcxproj" (target "QtWork" depends on it):
                   Task "GetItemHash" (TaskId:262)
                   Done executing task "GetItemHash". (TaskId:262)
                   Task "FindInList" (TaskId:263)
                   Done executing task "FindInList". (TaskId:263)
12:51:10.699     1>Done building target "QtWorkPrepare" in project "DiagramDetective.vcxproj".: (TargetId:265)
12:51:10.699     1>Target "QtWorkPrepare: (TargetId:266)" in file "C:\Users\Administrator\AppData\Local\QtMsBuild\qt_work.targets" from project "C:\Users\Administrator\Desktop\AbalienDiagramChaser\DiagramDetective.vcxproj" (target "QtWork" depends on it):
                   Task "GetItemHash" (TaskId:264)
                   Done executing task "GetItemHash". (TaskId:264)
                   Task "MakeDir" (TaskId:265)
                   Done executing task "MakeDir". (TaskId:265)
12:51:10.699     1>Done building target "QtWorkPrepare" in project "DiagramDetective.vcxproj".: (TargetId:266)
12:51:10.699     1>Target "QtWorkPrepare: (TargetId:267)" in file "C:\Users\Administrator\AppData\Local\QtMsBuild\qt_work.targets" from project "C:\Users\Administrator\Desktop\AbalienDiagramChaser\DiagramDetective.vcxproj" (target "QtWork" depends on it):
                   Task "GetItemHash" (TaskId:266)
                   Done executing task "GetItemHash". (TaskId:266)
                   Task "FindInList" (TaskId:267)
                   Done executing task "FindInList". (TaskId:267)
12:51:10.701     1>Done building target "QtWorkPrepare" in project "DiagramDetective.vcxproj".: (TargetId:267)
12:51:10.701     1>Target "QtWorkPrepare: (TargetId:268)" in file "C:\Users\Administrator\AppData\Local\QtMsBuild\qt_work.targets" from project "C:\Users\Administrator\Desktop\AbalienDiagramChaser\DiagramDetective.vcxproj" (target "QtWork" depends on it):
                   Task "GetItemHash" (TaskId:268)
                   Done executing task "GetItemHash". (TaskId:268)
                   Task "FindInList" (TaskId:269)
                   Done executing task "FindInList". (TaskId:269)
12:51:10.702     1>Done building target "QtWorkPrepare" in project "DiagramDetective.vcxproj".: (TargetId:268)
12:51:10.702     1>Target "QtWorkPrepare: (TargetId:269)" in file "C:\Users\Administrator\AppData\Local\QtMsBuild\qt_work.targets" from project "C:\Users\Administrator\Desktop\AbalienDiagramChaser\DiagramDetective.vcxproj" (target "QtWork" depends on it):
                   Task "GetItemHash" (TaskId:270)
                   Done executing task "GetItemHash". (TaskId:270)
                   Task "FindInList" (TaskId:271)
                   Done executing task "FindInList". (TaskId:271)
12:51:10.702     1>Done building target "QtWorkPrepare" in project "DiagramDetective.vcxproj".: (TargetId:269)
12:51:10.702     1>Target "QtWorkPrepare: (TargetId:270)" in file "C:\Users\Administrator\AppData\Local\QtMsBuild\qt_work.targets" from project "C:\Users\Administrator\Desktop\AbalienDiagramChaser\DiagramDetective.vcxproj" (target "QtWork" depends on it):
                   Task "GetItemHash" (TaskId:272)
                   Done executing task "GetItemHash". (TaskId:272)
                   Task "FindInList" (TaskId:273)
                   Done executing task "FindInList". (TaskId:273)
12:51:10.703     1>Done building target "QtWorkPrepare" in project "DiagramDetective.vcxproj".: (TargetId:270)
12:51:10.703     1>Target "QtWorkPrepare: (TargetId:271)" in file "C:\Users\Administrator\AppData\Local\QtMsBuild\qt_work.targets" from project "C:\Users\Administrator\Desktop\AbalienDiagramChaser\DiagramDetective.vcxproj" (target "QtWork" depends on it):
                   Task "GetItemHash" (TaskId:274)
                   Done executing task "GetItemHash". (TaskId:274)
                   Task "FindInList" (TaskId:275)
                   Done executing task "FindInList". (TaskId:275)
12:51:10.703     1>Done building target "QtWorkPrepare" in project "DiagramDetective.vcxproj".: (TargetId:271)
12:51:10.703     1>Target "QtWorkPrepare: (TargetId:272)" in file "C:\Users\Administrator\AppData\Local\QtMsBuild\qt_work.targets" from project "C:\Users\Administrator\Desktop\AbalienDiagramChaser\DiagramDetective.vcxproj" (target "QtWork" depends on it):
                   Task "GetItemHash" (TaskId:276)
                   Done executing task "GetItemHash". (TaskId:276)
                   Task "FindInList" (TaskId:277)
                   Done executing task "FindInList". (TaskId:277)
12:51:10.704     1>Done building target "QtWorkPrepare" in project "DiagramDetective.vcxproj".: (TargetId:272)
12:51:10.704     1>Target "QtWorkPrepare: (TargetId:273)" in file "C:\Users\Administrator\AppData\Local\QtMsBuild\qt_work.targets" from project "C:\Users\Administrator\Desktop\AbalienDiagramChaser\DiagramDetective.vcxproj" (target "QtWork" depends on it):
                   Task "GetItemHash" (TaskId:278)
                   Done executing task "GetItemHash". (TaskId:278)
                   Task "FindInList" (TaskId:279)
                   Done executing task "FindInList". (TaskId:279)
12:51:10.704     1>Done building target "QtWorkPrepare" in project "DiagramDetective.vcxproj".: (TargetId:273)
12:51:10.704     1>Target "QtWorkPrepare: (TargetId:274)" in file "C:\Users\Administrator\AppData\Local\QtMsBuild\qt_work.targets" from project "C:\Users\Administrator\Desktop\AbalienDiagramChaser\DiagramDetective.vcxproj" (target "QtWork" depends on it):
                   Task "GetItemHash" (TaskId:280)
                   Done executing task "GetItemHash". (TaskId:280)
                   Task "FindInList" (TaskId:281)
                   Done executing task "FindInList". (TaskId:281)
12:51:10.705     1>Done building target "QtWorkPrepare" in project "DiagramDetective.vcxproj".: (TargetId:274)
12:51:10.705     1>Target "QtWorkPrepare: (TargetId:275)" in file "C:\Users\Administrator\AppData\Local\QtMsBuild\qt_work.targets" from project "C:\Users\Administrator\Desktop\AbalienDiagramChaser\DiagramDetective.vcxproj" (target "QtWork" depends on it):
                   Task "GetItemHash" (TaskId:282)
                   Done executing task "GetItemHash". (TaskId:282)
                   Task "FindInList" (TaskId:283)
                   Done executing task "FindInList". (TaskId:283)
12:51:10.705     1>Done building target "QtWorkPrepare" in project "DiagramDetective.vcxproj".: (TargetId:275)
12:51:10.705     1>Target "QtWorkPrepare: (TargetId:276)" in file "C:\Users\Administrator\AppData\Local\QtMsBuild\qt_work.targets" from project "C:\Users\Administrator\Desktop\AbalienDiagramChaser\DiagramDetective.vcxproj" (target "QtWork" depends on it):
                   Task "GetItemHash" (TaskId:284)
                   Done executing task "GetItemHash". (TaskId:284)
                   Task "FindInList" (TaskId:285)
                   Done executing task "FindInList". (TaskId:285)
12:51:10.706     1>Done building target "QtWorkPrepare" in project "DiagramDetective.vcxproj".: (TargetId:276)
12:51:10.706     1>Target "QtWorkPrepare: (TargetId:277)" in file "C:\Users\Administrator\AppData\Local\QtMsBuild\qt_work.targets" from project "C:\Users\Administrator\Desktop\AbalienDiagramChaser\DiagramDetective.vcxproj" (target "QtWork" depends on it):
                   Task "GetItemHash" (TaskId:286)
                   Done executing task "GetItemHash". (TaskId:286)
                   Task "FindInList" (TaskId:287)
                   Done executing task "FindInList". (TaskId:287)
12:51:10.708     1>Done building target "QtWorkPrepare" in project "DiagramDetective.vcxproj".: (TargetId:277)
12:51:10.708     1>Target "QtWorkPrepare: (TargetId:278)" in file "C:\Users\Administrator\AppData\Local\QtMsBuild\qt_work.targets" from project "C:\Users\Administrator\Desktop\AbalienDiagramChaser\DiagramDetective.vcxproj" (target "QtWork" depends on it):
                   Task "GetItemHash" (TaskId:288)
                   Done executing task "GetItemHash". (TaskId:288)
                   Task "FindInList" (TaskId:289)
                   Done executing task "FindInList". (TaskId:289)
12:51:10.709     1>Done building target "QtWorkPrepare" in project "DiagramDetective.vcxproj".: (TargetId:278)
12:51:10.709     1>Target "QtWorkPrepare: (TargetId:279)" in file "C:\Users\Administrator\AppData\Local\QtMsBuild\qt_work.targets" from project "C:\Users\Administrator\Desktop\AbalienDiagramChaser\DiagramDetective.vcxproj" (target "QtWork" depends on it):
                   Task "GetItemHash" (TaskId:290)
                   Done executing task "GetItemHash". (TaskId:290)
                   Task "FindInList" (TaskId:291)
                   Done executing task "FindInList". (TaskId:291)
12:51:10.709     1>Done building target "QtWorkPrepare" in project "DiagramDetective.vcxproj".: (TargetId:279)
12:51:10.709     1>Target "QtWorkPrepare: (TargetId:280)" in file "C:\Users\Administrator\AppData\Local\QtMsBuild\qt_work.targets" from project "C:\Users\Administrator\Desktop\AbalienDiagramChaser\DiagramDetective.vcxproj" (target "QtWork" depends on it):
                   Task "GetItemHash" (TaskId:292)
                   Done executing task "GetItemHash". (TaskId:292)
                   Task "FindInList" (TaskId:293)
                   Done executing task "FindInList". (TaskId:293)
12:51:10.710     1>Done building target "QtWorkPrepare" in project "DiagramDetective.vcxproj".: (TargetId:280)
12:51:10.710     1>Target "QtWorkPrepare: (TargetId:281)" in file "C:\Users\Administrator\AppData\Local\QtMsBuild\qt_work.targets" from project "C:\Users\Administrator\Desktop\AbalienDiagramChaser\DiagramDetective.vcxproj" (target "QtWork" depends on it):
                   Task "GetItemHash" (TaskId:294)
                   Done executing task "GetItemHash". (TaskId:294)
                   Task "FindInList" (TaskId:295)
                   Done executing task "FindInList". (TaskId:295)
12:51:10.711     1>Done building target "QtWorkPrepare" in project "DiagramDetective.vcxproj".: (TargetId:281)
12:51:10.711     1>Target "QtWorkPrepare: (TargetId:282)" in file "C:\Users\Administrator\AppData\Local\QtMsBuild\qt_work.targets" from project "C:\Users\Administrator\Desktop\AbalienDiagramChaser\DiagramDetective.vcxproj" (target "QtWork" depends on it):
                   Task "GetItemHash" (TaskId:296)
                   Done executing task "GetItemHash". (TaskId:296)
                   Task "MakeDir" (TaskId:297)
                   Done executing task "MakeDir". (TaskId:297)
12:51:10.711     1>Done building target "QtWorkPrepare" in project "DiagramDetective.vcxproj".: (TargetId:282)
12:51:10.711     1>Target "QtWorkPrepare: (TargetId:283)" in file "C:\Users\Administrator\AppData\Local\QtMsBuild\qt_work.targets" from project "C:\Users\Administrator\Desktop\AbalienDiagramChaser\DiagramDetective.vcxproj" (target "QtWork" depends on it):
                   Task "GetItemHash" (TaskId:298)
                   Done executing task "GetItemHash". (TaskId:298)
                   Task "FindInList" (TaskId:299)
                   Done executing task "FindInList". (TaskId:299)
12:51:10.712     1>Done building target "QtWorkPrepare" in project "DiagramDetective.vcxproj".: (TargetId:283)
12:51:10.712     1>Target "QtWorkPrepare: (TargetId:284)" in file "C:\Users\Administrator\AppData\Local\QtMsBuild\qt_work.targets" from project "C:\Users\Administrator\Desktop\AbalienDiagramChaser\DiagramDetective.vcxproj" (target "QtWork" depends on it):
                   Task "GetItemHash" (TaskId:300)
                   Done executing task "GetItemHash". (TaskId:300)
                   Task "FindInList" (TaskId:301)
                   Done executing task "FindInList". (TaskId:301)
12:51:10.712     1>Done building target "QtWorkPrepare" in project "DiagramDetective.vcxproj".: (TargetId:284)
12:51:10.712     1>Target "QtWork: (TargetId:285)" in file "C:\Users\Administrator\AppData\Local\QtMsBuild\qt_work.targets" from project "C:\Users\Administrator\Desktop\AbalienDiagramChaser\DiagramDetective.vcxproj" (target "QtAddCompilerSources" depends on it):
                   Task "QtRunWork" (TaskId:302)
                     moc DiagramDetective.h (TaskId:302)
                     moc core\props\MapsElements.h (TaskId:302)
                     moc widget\PropertiesDock.h (TaskId:302)
                   Done executing task "QtRunWork". (TaskId:302)
                   Task "WriteLinesToFile" (TaskId:303)
                   Done executing task "WriteLinesToFile". (TaskId:303)
                   Task "WriteLinesToFile" (TaskId:304)
                   Done executing task "WriteLinesToFile". (TaskId:304)
                   Task "WriteLinesToFile" (TaskId:305)
                   Done executing task "WriteLinesToFile". (TaskId:305)
                   Task "WriteLinesToFile" (TaskId:306)
                   Done executing task "WriteLinesToFile". (TaskId:306)
                   Task "WriteLinesToFile" (TaskId:307)
                   Done executing task "WriteLinesToFile". (TaskId:307)
                   Task "WriteLinesToFile" (TaskId:308)
                   Done executing task "WriteLinesToFile". (TaskId:308)
                   Task "WriteLinesToFile" (TaskId:309)
                   Done executing task "WriteLinesToFile". (TaskId:309)
                   Task "WriteLinesToFile" (TaskId:310)
                   Done executing task "WriteLinesToFile". (TaskId:310)
                   Task "WriteLinesToFile" (TaskId:311)
                   Done executing task "WriteLinesToFile". (TaskId:311)
                   Task "WriteLinesToFile" (TaskId:312)
                   Done executing task "WriteLinesToFile". (TaskId:312)
                   Task "WriteLinesToFile" (TaskId:313)
                   Done executing task "WriteLinesToFile". (TaskId:313)
                   Task "WriteLinesToFile" (TaskId:314)
                   Done executing task "WriteLinesToFile". (TaskId:314)
                   Task "WriteLinesToFile" (TaskId:315)
                   Done executing task "WriteLinesToFile". (TaskId:315)
                   Task "WriteLinesToFile" (TaskId:316)
                   Done executing task "WriteLinesToFile". (TaskId:316)
                   Task "WriteLinesToFile" (TaskId:317)
                   Done executing task "WriteLinesToFile". (TaskId:317)
                   Task "WriteLinesToFile" (TaskId:318)
                   Done executing task "WriteLinesToFile". (TaskId:318)
                   Task "WriteLinesToFile" (TaskId:319)
                   Done executing task "WriteLinesToFile". (TaskId:319)
                   Task "WriteLinesToFile" (TaskId:320)
                   Done executing task "WriteLinesToFile". (TaskId:320)
                   Task "WriteLinesToFile" (TaskId:321)
                   Done executing task "WriteLinesToFile". (TaskId:321)
                   Task "WriteLinesToFile" (TaskId:322)
                   Done executing task "WriteLinesToFile". (TaskId:322)
                   Task "WriteLinesToFile" (TaskId:323)
                   Done executing task "WriteLinesToFile". (TaskId:323)
                   Task "WriteLinesToFile" (TaskId:324)
                   Done executing task "WriteLinesToFile". (TaskId:324)
                   Task "WriteLinesToFile" (TaskId:325)
                   Done executing task "WriteLinesToFile". (TaskId:325)
                   Task "WriteLinesToFile" (TaskId:326)
                   Done executing task "WriteLinesToFile". (TaskId:326)
                   Task "WriteLinesToFile" (TaskId:327)
                   Done executing task "WriteLinesToFile". (TaskId:327)
                   Task "WriteLinesToFile" (TaskId:328)
                   Done executing task "WriteLinesToFile". (TaskId:328)
                   Task "WriteLinesToFile" (TaskId:329)
                   Done executing task "WriteLinesToFile". (TaskId:329)
                   Task "WriteLinesToFile" (TaskId:330)
                   Done executing task "WriteLinesToFile". (TaskId:330)
                   Task "WriteLinesToFile" (TaskId:331)
                   Done executing task "WriteLinesToFile". (TaskId:331)
                   Task "WriteLinesToFile" (TaskId:332)
                   Done executing task "WriteLinesToFile". (TaskId:332)
                   Task "WriteLinesToFile" (TaskId:333)
                   Done executing task "WriteLinesToFile". (TaskId:333)
                   Task "WriteLinesToFile" (TaskId:334)
                   Done executing task "WriteLinesToFile". (TaskId:334)
                   Task "WriteLinesToFile" (TaskId:335)
                   Done executing task "WriteLinesToFile". (TaskId:335)
                   Task "WriteLinesToFile" (TaskId:336)
                   Done executing task "WriteLinesToFile". (TaskId:336)
                   Task "WriteLinesToFile" (TaskId:337)
                   Done executing task "WriteLinesToFile". (TaskId:337)
                   Task "WriteLinesToFile" (TaskId:338)
                   Done executing task "WriteLinesToFile". (TaskId:338)
                   Task "WriteLinesToFile" (TaskId:339)
                   Done executing task "WriteLinesToFile". (TaskId:339)
                   Task "WriteLinesToFile" (TaskId:340)
                   Done executing task "WriteLinesToFile". (TaskId:340)
                   Task "WriteLinesToFile" (TaskId:341)
                   Done executing task "WriteLinesToFile". (TaskId:341)
                   Task "WriteLinesToFile" (TaskId:342)
                   Done executing task "WriteLinesToFile". (TaskId:342)
                   Task "WriteLinesToFile" (TaskId:343)
                   Done executing task "WriteLinesToFile". (TaskId:343)
                   Task "WriteLinesToFile" (TaskId:344)
                   Done executing task "WriteLinesToFile". (TaskId:344)
                   Task "WriteLinesToFile" (TaskId:345)
                   Done executing task "WriteLinesToFile". (TaskId:345)
                   Task "WriteLinesToFile" (TaskId:346)
                   Done executing task "WriteLinesToFile". (TaskId:346)
                   Task "WriteLinesToFile" (TaskId:347)
                   Done executing task "WriteLinesToFile". (TaskId:347)
                   Task "WriteLinesToFile" (TaskId:348)
                   Done executing task "WriteLinesToFile". (TaskId:348)
                   Task "WriteLinesToFile" (TaskId:349)
                   Done executing task "WriteLinesToFile". (TaskId:349)
                   Task "WriteLinesToFile" (TaskId:350)
                   Done executing task "WriteLinesToFile". (TaskId:350)
                   Task "WriteLinesToFile" (TaskId:351)
                   Done executing task "WriteLinesToFile". (TaskId:351)
                   Task "WriteLinesToFile" (TaskId:352)
                   Done executing task "WriteLinesToFile". (TaskId:352)
                   Task "WriteLinesToFile" (TaskId:353)
                   Done executing task "WriteLinesToFile". (TaskId:353)
                   Task "WriteLinesToFile" (TaskId:354)
                   Done executing task "WriteLinesToFile". (TaskId:354)
                   Task "WriteLinesToFile" (TaskId:355)
                   Done executing task "WriteLinesToFile". (TaskId:355)
                   Task "WriteLinesToFile" (TaskId:356)
                   Done executing task "WriteLinesToFile". (TaskId:356)
12:51:11.498     1>Done building target "QtWork" in project "DiagramDetective.vcxproj".: (TargetId:285)
12:51:11.498     1>Target "QtAddCompilerSources: (TargetId:286)" in file "C:\Users\Administrator\AppData\Local\QtMsBuild\qt_build.targets" from project "C:\Users\Administrator\Desktop\AbalienDiagramChaser\DiagramDetective.vcxproj" (target "QtUpdateCompilerOptions" depends on it):
                   Task "Expand" (TaskId:357)
                   Done executing task "Expand". (TaskId:357)
12:51:11.693     1>Done building target "QtAddCompilerSources" in project "DiagramDetective.vcxproj".: (TargetId:286)
12:51:11.693     1>Target "QtPrepareResourceCompilerDefines: (TargetId:287)" in file "C:\Users\Administrator\AppData\Local\QtMsBuild\qt_build.targets" from project "C:\Users\Administrator\Desktop\AbalienDiagramChaser\DiagramDetective.vcxproj" (target "QtUpdateCompilerOptions" depends on it):
12:51:11.694     1>Done building target "QtPrepareResourceCompilerDefines" in project "DiagramDetective.vcxproj".: (TargetId:287)
12:51:11.694     1>Target "QtUpdateCompilerOptions: (TargetId:288)" in file "C:\Users\Administrator\AppData\Local\QtMsBuild\qt_build.targets" from project "C:\Users\Administrator\Desktop\AbalienDiagramChaser\DiagramDetective.vcxproj" (target "FixupCLCompileOptions" depends on it):
                   Task "QtRunTask" (TaskId:358)
                   Done executing task "QtRunTask". (TaskId:358)
                   Task "Flatten" (TaskId:359)
                   Done executing task "Flatten". (TaskId:359)
12:51:12.192     1>Done building target "QtUpdateCompilerOptions" in project "DiagramDetective.vcxproj".: (TargetId:288)
12:51:12.192     1>Target "FixupCLCompileOptions: (TargetId:289)" in file "C:\Program Files\Microsoft Visual Studio\18\Insiders\MSBuild\Microsoft\VC\v180\Microsoft.CppCommon.targets" from project "C:\Users\Administrator\Desktop\AbalienDiagramChaser\DiagramDetective.vcxproj" (target "_ClCompile" depends on it):
12:51:12.224     1>Done building target "FixupCLCompileOptions" in project "DiagramDetective.vcxproj".: (TargetId:289)
12:51:12.224     1>Target "MakeDirsForCl: (TargetId:290)" in file "C:\Program Files\Microsoft Visual Studio\18\Insiders\MSBuild\Microsoft\VC\v180\Microsoft.CppBuild.targets" from project "C:\Users\Administrator\Desktop\AbalienDiagramChaser\DiagramDetective.vcxproj" (target "_ClCompile" depends on it):
                   Task "MakeDir" (TaskId:360)
                   Done executing task "MakeDir". (TaskId:360)
12:51:12.225     1>Done building target "MakeDirsForCl" in project "DiagramDetective.vcxproj".: (TargetId:290)
12:51:12.225     1>Target "SelectClCompile: (TargetId:291)" in file "C:\Program Files\Microsoft Visual Studio\18\Insiders\MSBuild\Microsoft\VC\v180\Microsoft.CppBuild.targets" from project "C:\Users\Administrator\Desktop\AbalienDiagramChaser\DiagramDetective.vcxproj" (target "ClCompile" depends on it):
12:51:12.225     1>Done building target "SelectClCompile" in project "DiagramDetective.vcxproj".: (TargetId:291)
12:51:12.225     1>Target "ClCompile: (TargetId:292)" in file "C:\Program Files\Microsoft Visual Studio\18\Insiders\MSBuild\Microsoft\VC\v180\Microsoft.CppCommon.targets" from project "C:\Users\Administrator\Desktop\AbalienDiagramChaser\DiagramDetective.vcxproj" (target "_ClCompile" depends on it):
                   Task "CL" (TaskId:361)
                     C:\Program Files\Microsoft Visual Studio\18\Insiders\VC\Tools\MSVC\14.51.36231\bin\HostX64\x64\CL.exe /c /IDiagramDetective\x64\Release\qt\moc /IDiagramDetective\x64\Release\qt\uic /IC:\Qt\6.11.1\msvc2022_64\include /IC:\Qt\6.11.1\msvc2022_64\include\QtWidgets /IC:\Qt\6.11.1\msvc2022_64\include\QtGui /IC:\Qt\6.11.1\msvc2022_64\include\QtCore /I"C:\Qt\6.11.1\msvc2022_64\mkspecs\win32-msvc" /IC:\Users\Administrator\Desktop\AbalienDiagramChaser\ /IC:\Users\Administrator\Desktop\AbalienDiagramChaser\ /Zi /nologo /W3 /WX- /diagnostics:column /sdl /MP /O2 /Oi /GL /D _WINDOWS /D UNICODE /D _UNICODE /D WIN32 /D _ENABLE_EXTENDED_ALIGNED_STORAGE /D WIN64 /D NDEBUG /D QT_NO_DEBUG /D QT_WIDGETS_LIB /D QT_GUI_LIB /D QT_CORE_LIB /D QT_NO_DEPRECATED_WARNINGS /D _UNICODE /D UNICODE /Gm- /EHsc /MD /GS /Gy /fp:precise /Zc:wchar_t /Zc:forScope /Zc:inline /std:c++17 /permissive- /Fo"DiagramDetective\x64\Release\\" /Fd"DiagramDetective\x64\Release\vc145.pdb" /external:W3 /Gd /TP /FC /errorReport:prompt -Zc:rvalueCast -Zc:strictStrings -Zc:throwingNew -Zc:__cplusplus -Zc:externConstexpr /utf-8 DiagramDetective.cpp art\Arrow.cpp art\ArrowHandle.cpp art\AtomicElement.cpp art\Category.cpp art\DiagramScene.cpp art\Functor.cpp art\Node.cpp art\NodeHandles.cpp art\NodeLabel.cpp art\Object.cpp core\AppSettings.cpp core\NodeKind.cpp core\categories\Ab.cpp core\categories\BigCat.cpp core\categories\BuiltInCategories.cpp core\categories\Cat.cpp core\categories\Grp.cpp core\categories\ModR.cpp core\categories\RMod.cpp core\categories\Ring.cpp core\categories\Set.cpp core\categories\Top.cpp core\categories\Vect.cpp core\english\Translation.cpp core\history\Mementos.cpp core\io\SceneFile.cpp core\props\ArrowProp.cpp core\props\CategoryProp.cpp core\props\Constructions.cpp core\props\MapsElements.cpp core\rules\Library.cpp core\rules\Pattern.cpp core\rules\Rule.cpp core\rules\RuleBuilder.cpp core\rules\RuleSearch.cpp core\rules\StandardRules.cpp dialog\RenameSceneDialog.cpp dialog\SettingsDialog.cpp main.cpp tutor\ArrowTutor.cpp tutor\ElementOpTutor.cpp tutor\ProofTutor.cpp tutor\SetupTutor.cpp tutor\Tutor.cpp tutor\TutorSession.cpp widget\ApplicableRulesDock.cpp widget\CommutativeEquationsDock.cpp widget\EnglishDock.cpp widget\LibraryDock.cpp widget\PropertiesDock.cpp widget\SketchView.cpp (TaskId:361)
                     DiagramDetective.cpp (TaskId:361)
                     Arrow.cpp (TaskId:361)
                     ArrowHandle.cpp (TaskId:361)
                     AtomicElement.cpp (TaskId:361)
                     Category.cpp (TaskId:361)
                     DiagramScene.cpp (TaskId:361)
                     Functor.cpp (TaskId:361)
                     Node.cpp (TaskId:361)
                     NodeHandles.cpp (TaskId:361)
                     NodeLabel.cpp (TaskId:361)
                     Object.cpp (TaskId:361)
                     AppSettings.cpp (TaskId:361)
                     NodeKind.cpp (TaskId:361)
                     Ab.cpp (TaskId:361)
                     BigCat.cpp (TaskId:361)
                     BuiltInCategories.cpp (TaskId:361)
                     Cat.cpp (TaskId:361)
                     Grp.cpp (TaskId:361)
                     ModR.cpp (TaskId:361)
                     RMod.cpp (TaskId:361)
                     Ring.cpp (TaskId:361)
                     Set.cpp (TaskId:361)
                     Top.cpp (TaskId:361)
                     Vect.cpp (TaskId:361)
                     Translation.cpp (TaskId:361)
                     Mementos.cpp (TaskId:361)
                     SceneFile.cpp (TaskId:361)
                     ArrowProp.cpp (TaskId:361)
                     CategoryProp.cpp (TaskId:361)
                     Constructions.cpp (TaskId:361)
                     MapsElements.cpp (TaskId:361)
                     Library.cpp (TaskId:361)
                     Pattern.cpp (TaskId:361)
                     Rule.cpp (TaskId:361)
                     RuleBuilder.cpp (TaskId:361)
                     RuleSearch.cpp (TaskId:361)
                     StandardRules.cpp (TaskId:361)
                     RenameSceneDialog.cpp (TaskId:361)
                     SettingsDialog.cpp (TaskId:361)
                     main.cpp (TaskId:361)
                     ArrowTutor.cpp (TaskId:361)
                     ElementOpTutor.cpp (TaskId:361)
                     ProofTutor.cpp (TaskId:361)
                     SetupTutor.cpp (TaskId:361)
                     Tutor.cpp (TaskId:361)
                     TutorSession.cpp (TaskId:361)
                     ApplicableRulesDock.cpp (TaskId:361)
                     CommutativeEquationsDock.cpp (TaskId:361)
                     EnglishDock.cpp (TaskId:361)
                     LibraryDock.cpp (TaskId:361)
                     PropertiesDock.cpp (TaskId:361)
                     SketchView.cpp (TaskId:361)
                   Done executing task "CL". (TaskId:361)
                   Task "CL" (TaskId:362)
                   Done executing task "CL". (TaskId:362)
                   Task "CL" (TaskId:363)
                     C:\Program Files\Microsoft Visual Studio\18\Insiders\VC\Tools\MSVC\14.51.36231\bin\HostX64\x64\CL.exe /c /IDiagramDetective\x64\Release\qt\moc /IDiagramDetective\x64\Release\qt\uic /IC:\Qt\6.11.1\msvc2022_64\include /IC:\Qt\6.11.1\msvc2022_64\include\QtWidgets /IC:\Qt\6.11.1\msvc2022_64\include\QtGui /IC:\Qt\6.11.1\msvc2022_64\include\QtCore /I"C:\Qt\6.11.1\msvc2022_64\mkspecs\win32-msvc" /IC:\Users\Administrator\Desktop\AbalienDiagramChaser\ /IC:\Users\Administrator\Desktop\AbalienDiagramChaser\ /Zi /nologo /W3 /WX- /diagnostics:column /sdl /MP /O2 /Oi /GL /D _WINDOWS /D UNICODE /D _UNICODE /D WIN32 /D _ENABLE_EXTENDED_ALIGNED_STORAGE /D WIN64 /D NDEBUG /D QT_NO_DEBUG /D QT_WIDGETS_LIB /D QT_GUI_LIB /D QT_CORE_LIB /D QT_NO_DEPRECATED_WARNINGS /D _UNICODE /D UNICODE /Gm- /EHsc /MD /GS /Gy /fp:precise /Zc:wchar_t /Zc:forScope /Zc:inline /std:c++17 /permissive- /Fo"DiagramDetective\x64\Release\\" /Fd"DiagramDetective\x64\Release\vc145.pdb" /external:W3 /Gd /TP /FC /errorReport:prompt -Zc:rvalueCast -Zc:strictStrings -Zc:throwingNew -Zc:__cplusplus -Zc:externConstexpr 
                               /utf-8  /utf-8 DiagramDetective\x64\Release\qt\moc\moc_Ab.cpp DiagramDetective\x64\Release\qt\moc\moc_Arrow.cpp DiagramDetective\x64\Release\qt\moc\moc_ArrowHandle.cpp DiagramDetective\x64\Release\qt\moc\moc_ArrowTutor.cpp DiagramDetective\x64\Release\qt\moc\moc_AtomicElement.cpp DiagramDetective\x64\Release\qt\moc\moc_BigCat.cpp DiagramDetective\x64\Release\qt\moc\moc_Cat.cpp DiagramDetective\x64\Release\qt\moc\moc_Category.cpp DiagramDetective\x64\Release\qt\moc\moc_DiagramDetective.cpp DiagramDetective\x64\Release\qt\moc\moc_DiagramScene.cpp DiagramDetective\x64\Release\qt\moc\moc_ElementOpTutor.cpp DiagramDetective\x64\Release\qt\moc\moc_Functor.cpp DiagramDetective\x64\Release\qt\moc\moc_Grp.cpp DiagramDetective\x64\Release\qt\moc\moc_MapsElements.cpp DiagramDetective\x64\Release\qt\moc\moc_ModR.cpp DiagramDetective\x64\Release\qt\moc\moc_Node.cpp DiagramDetective\x64\Release\qt\moc\moc_NodeHandles.cpp DiagramDetective\x64\Release\qt\moc\moc_Object.cpp DiagramDetective\x64\Release\qt\moc\moc_ProofTutor.cpp DiagramDetective\x64\Release\qt\moc\moc_PropertiesDock.cpp DiagramDetective\x64\Release\qt\moc\moc_RMod.cpp DiagramDetective\x64\Release\qt\moc\moc_Ring.cpp DiagramDetective\x64\Release\qt\moc\moc_Set.cpp DiagramDetective\x64\Release\qt\moc\moc_Top.cpp DiagramDetective\x64\Release\qt\moc\moc_Vect.cpp (TaskId:363)
                     moc_Ab.cpp (TaskId:363)
                     moc_Arrow.cpp (TaskId:363)
                     moc_ArrowHandle.cpp (TaskId:363)
                     moc_ArrowTutor.cpp (TaskId:363)
                     moc_AtomicElement.cpp (TaskId:363)
                     moc_BigCat.cpp (TaskId:363)
                     moc_Cat.cpp (TaskId:363)
                     moc_Category.cpp (TaskId:363)
                     moc_DiagramDetective.cpp (TaskId:363)
                     moc_DiagramScene.cpp (TaskId:363)
                     moc_ElementOpTutor.cpp (TaskId:363)
                     moc_Functor.cpp (TaskId:363)
                     moc_Grp.cpp (TaskId:363)
                     moc_MapsElements.cpp (TaskId:363)
                     moc_ModR.cpp (TaskId:363)
                     moc_Node.cpp (TaskId:363)
                     moc_NodeHandles.cpp (TaskId:363)
                     moc_Object.cpp (TaskId:363)
                     moc_ProofTutor.cpp (TaskId:363)
                     moc_PropertiesDock.cpp (TaskId:363)
                     moc_RMod.cpp (TaskId:363)
                     moc_Ring.cpp (TaskId:363)
                     moc_Set.cpp (TaskId:363)
                     moc_Top.cpp (TaskId:363)
                     moc_Vect.cpp (TaskId:363)
                   Done executing task "CL". (TaskId:363)
12:52:07.041     1>Done building target "ClCompile" in project "DiagramDetective.vcxproj".: (TargetId:292)
12:52:07.041     1>Target "AfterClCompile: (TargetId:293)" in file "C:\Program Files\Microsoft Visual Studio\18\Insiders\MSBuild\Microsoft\VC\v180\Microsoft.CppBuild.targets" from project "C:\Users\Administrator\Desktop\AbalienDiagramChaser\DiagramDetective.vcxproj" (target "_ClCompile" depends on it):
12:52:07.041     1>Done building target "AfterClCompile" in project "DiagramDetective.vcxproj".: (TargetId:293)
12:52:07.041     1>Target "_ClCompile: (TargetId:294)" in file "C:\Program Files\Microsoft Visual Studio\18\Insiders\MSBuild\Microsoft\VC\v180\Microsoft.CppBuild.targets" from project "C:\Users\Administrator\Desktop\AbalienDiagramChaser\DiagramDetective.vcxproj" (target "_BuildCompileAction" depends on it):
12:52:07.041     1>Done building target "_ClCompile" in project "DiagramDetective.vcxproj".: (TargetId:294)
12:52:07.041     1>Target "BeforeResourceCompile: (TargetId:295)" in file "C:\Program Files\Microsoft Visual Studio\18\Insiders\MSBuild\Microsoft\VC\v180\Microsoft.CppBuild.targets" from project "C:\Users\Administrator\Desktop\AbalienDiagramChaser\DiagramDetective.vcxproj" (target "_ResourceCompile" depends on it):
12:52:07.041     1>Done building target "BeforeResourceCompile" in project "DiagramDetective.vcxproj".: (TargetId:295)
12:52:07.041     1>Target "MakeDirsForResourceCompile: (TargetId:296)" in file "C:\Program Files\Microsoft Visual Studio\18\Insiders\MSBuild\Microsoft\VC\v180\Microsoft.CppBuild.targets" from project "C:\Users\Administrator\Desktop\AbalienDiagramChaser\DiagramDetective.vcxproj" (target "_ResourceCompile" depends on it):
                   Task "MakeDir" (TaskId:364)
                   Done executing task "MakeDir". (TaskId:364)
12:52:07.041     1>Done building target "MakeDirsForResourceCompile" in project "DiagramDetective.vcxproj".: (TargetId:296)
12:52:07.041     1>Target "SelectResourceCompile: (TargetId:297)" in file "C:\Program Files\Microsoft Visual Studio\18\Insiders\MSBuild\Microsoft\VC\v180\Microsoft.CppBuild.targets" from project "C:\Users\Administrator\Desktop\AbalienDiagramChaser\DiagramDetective.vcxproj" (target "ResourceCompile" depends on it):
12:52:07.041     1>Done building target "SelectResourceCompile" in project "DiagramDetective.vcxproj".: (TargetId:297)
12:52:07.041     1>Target "ResourceCompile: (TargetId:298)" in file "C:\Program Files\Microsoft Visual Studio\18\Insiders\MSBuild\Microsoft\VC\v180\Microsoft.CppCommon.targets" from project "C:\Users\Administrator\Desktop\AbalienDiagramChaser\DiagramDetective.vcxproj" (target "_ResourceCompile" depends on it):
                   Task "RC" (TaskId:365)
                   Done executing task "RC". (TaskId:365)
12:52:07.052     1>Done building target "ResourceCompile" in project "DiagramDetective.vcxproj".: (TargetId:298)
12:52:07.052     1>Target "AfterResourceCompile: (TargetId:299)" in file "C:\Program Files\Microsoft Visual Studio\18\Insiders\MSBuild\Microsoft\VC\v180\Microsoft.CppBuild.targets" from project "C:\Users\Administrator\Desktop\AbalienDiagramChaser\DiagramDetective.vcxproj" (target "_ResourceCompile" depends on it):
12:52:07.052     1>Done building target "AfterResourceCompile" in project "DiagramDetective.vcxproj".: (TargetId:299)
12:52:07.052     1>Target "_ResourceCompile: (TargetId:300)" in file "C:\Program Files\Microsoft Visual Studio\18\Insiders\MSBuild\Microsoft\VC\v180\Microsoft.CppBuild.targets" from project "C:\Users\Administrator\Desktop\AbalienDiagramChaser\DiagramDetective.vcxproj" (target "_BuildCompileAction" depends on it):
12:52:07.052     1>Done building target "_ResourceCompile" in project "DiagramDetective.vcxproj".: (TargetId:300)
12:52:07.052     1>Target "AfterBuildCompileEvent: (TargetId:301)" in file "C:\Program Files\Microsoft Visual Studio\18\Insiders\MSBuild\Microsoft\VC\v180\Microsoft.CppBuild.targets" from project "C:\Users\Administrator\Desktop\AbalienDiagramChaser\DiagramDetective.vcxproj" (target "_BuildCompileAction" depends on it):
12:52:07.052     1>Done building target "AfterBuildCompileEvent" in project "DiagramDetective.vcxproj".: (TargetId:301)
12:52:07.052     1>Target "_BuildCompileAction: (TargetId:302)" in file "C:\Program Files\Microsoft Visual Studio\18\Insiders\MSBuild\Microsoft\VC\v180\Microsoft.CppBuild.targets" from project "C:\Users\Administrator\Desktop\AbalienDiagramChaser\DiagramDetective.vcxproj" (target "BuildCompile" depends on it):
12:52:07.052     1>Done building target "_BuildCompileAction" in project "DiagramDetective.vcxproj".: (TargetId:302)
12:52:07.052     1>Target "BuildCompile: (TargetId:303)" in file "C:\Program Files\Microsoft Visual Studio\18\Insiders\MSBuild\Current\Bin\amd64\Microsoft.Common.CurrentVersion.targets" from project "C:\Users\Administrator\Desktop\AbalienDiagramChaser\DiagramDetective.vcxproj" (target "Build" depends on it):
12:52:07.052     1>Done building target "BuildCompile" in project "DiagramDetective.vcxproj".: (TargetId:303)
12:52:07.052     1>Target "BuildLinkTraverse: (TargetId:304)" in file "C:\Program Files\Microsoft Visual Studio\18\Insiders\MSBuild\Current\Bin\amd64\Microsoft.Common.CurrentVersion.targets" from project "C:\Users\Administrator\Desktop\AbalienDiagramChaser\DiagramDetective.vcxproj" (target "BuildLink" depends on it):
12:52:07.052     1>Done building target "BuildLinkTraverse" in project "DiagramDetective.vcxproj".: (TargetId:304)
12:52:07.052     1>Target "ComputeLegacyManifestEmbedding: (TargetId:305)" in file "C:\Program Files\Microsoft Visual Studio\18\Insiders\MSBuild\Microsoft\VC\v180\Microsoft.CppBuild.targets" from project "C:\Users\Administrator\Desktop\AbalienDiagramChaser\DiagramDetective.vcxproj" (target "_BuildLinkAction" depends on it):
12:52:07.054     1>Done building target "ComputeLegacyManifestEmbedding" in project "DiagramDetective.vcxproj".: (TargetId:305)
12:52:07.054     1>Target "BeforeLink: (TargetId:306)" in file "C:\Program Files\Microsoft Visual Studio\18\Insiders\MSBuild\Microsoft\VC\v180\Microsoft.CppBuild.targets" from project "C:\Users\Administrator\Desktop\AbalienDiagramChaser\DiagramDetective.vcxproj" (target "_Link" depends on it):
12:52:07.054     1>Done building target "BeforeLink" in project "DiagramDetective.vcxproj".: (TargetId:306)
12:52:07.054     1>Target "ComputeRCOutputs: (TargetId:307)" in file "C:\Program Files\Microsoft Visual Studio\18\Insiders\MSBuild\Microsoft\VC\v180\Microsoft.CppBuild.targets" from project "C:\Users\Administrator\Desktop\AbalienDiagramChaser\DiagramDetective.vcxproj" (target "ComputeRCGeneratedLinkInputs" depends on it):
12:52:07.054     1>Done building target "ComputeRCOutputs" in project "DiagramDetective.vcxproj".: (TargetId:307)
12:52:07.054     1>Target "ComputeRCGeneratedLinkInputs: (TargetId:308)" in file "C:\Program Files\Microsoft Visual Studio\18\Insiders\MSBuild\Microsoft\VC\v180\Microsoft.CppBuild.targets" from project "C:\Users\Administrator\Desktop\AbalienDiagramChaser\DiagramDetective.vcxproj" (target "_Link" depends on it):
12:52:07.054     1>Done building target "ComputeRCGeneratedLinkInputs" in project "DiagramDetective.vcxproj".: (TargetId:308)
12:52:07.054     1>Target "ComputeManifestGeneratedLinkerInputs: (TargetId:309)" in file "C:\Program Files\Microsoft Visual Studio\18\Insiders\MSBuild\Microsoft\VC\v180\Microsoft.CppBuild.targets" from project "C:\Users\Administrator\Desktop\AbalienDiagramChaser\DiagramDetective.vcxproj" (target "_Link" depends on it):
12:52:07.054     1>Done building target "ComputeManifestGeneratedLinkerInputs" in project "DiagramDetective.vcxproj".: (TargetId:309)
12:52:07.054     1>Target "ComputeCLOutputs: (TargetId:310)" in file "C:\Program Files\Microsoft Visual Studio\18\Insiders\MSBuild\Microsoft\VC\v180\Microsoft.CppBuild.targets" from project "C:\Users\Administrator\Desktop\AbalienDiagramChaser\DiagramDetective.vcxproj" (target "ComputeCLGeneratedLinkInputs" depends on it):
12:52:07.055     1>Done building target "ComputeCLOutputs" in project "DiagramDetective.vcxproj".: (TargetId:310)
12:52:07.055     1>Target "ComputeCLGeneratedLinkInputs: (TargetId:311)" in file "C:\Program Files\Microsoft Visual Studio\18\Insiders\MSBuild\Microsoft\VC\v180\Microsoft.CppBuild.targets" from project "C:\Users\Administrator\Desktop\AbalienDiagramChaser\DiagramDetective.vcxproj" (target "_Link" depends on it):
12:52:07.055     1>Done building target "ComputeCLGeneratedLinkInputs" in project "DiagramDetective.vcxproj".: (TargetId:311)
12:52:07.055     1>Target "ComputeLinkInputsFromProject: (TargetId:312)" in file "C:\Program Files\Microsoft Visual Studio\18\Insiders\MSBuild\Microsoft\VC\v180\Microsoft.CppBuild.targets" from project "C:\Users\Administrator\Desktop\AbalienDiagramChaser\DiagramDetective.vcxproj" (target "_Link" depends on it):
12:52:07.056     1>Done building target "ComputeLinkInputsFromProject" in project "DiagramDetective.vcxproj".: (TargetId:312)
12:52:07.056     1>Target "QtRccPass2_GetObjs: (TargetId:313)" in file "C:\Users\Administrator\AppData\Local\QtMsBuild\rcc\qtrcc.targets" from project "C:\Users\Administrator\Desktop\AbalienDiagramChaser\DiagramDetective.vcxproj" (target "QtRccPass2" depends on it):
12:52:07.056     1>Done building target "QtRccPass2_GetObjs" in project "DiagramDetective.vcxproj".: (TargetId:313)
12:52:07.056     1>Target "QtRccPass2: (TargetId:314)" in file "C:\Users\Administrator\AppData\Local\QtMsBuild\rcc\qtrcc.targets" from project "C:\Users\Administrator\Desktop\AbalienDiagramChaser\DiagramDetective.vcxproj" (target "QtRccPass2_Link" depends on it):
12:52:07.056     1>Done building target "QtRccPass2" in project "DiagramDetective.vcxproj".: (TargetId:314)
12:52:07.056     1>Target "QtRccPass2_Link: (TargetId:315)" in file "C:\Users\Administrator\AppData\Local\QtMsBuild\rcc\qtrcc.targets" from project "C:\Users\Administrator\Desktop\AbalienDiagramChaser\DiagramDetective.vcxproj" (target "_Link" depends on it):
12:52:07.056     1>Done building target "QtRccPass2_Link" in project "DiagramDetective.vcxproj".: (TargetId:315)
12:52:07.056     1>Target "ComputeManifestInputsTargets: (TargetId:316)" in file "C:\Program Files\Microsoft Visual Studio\18\Insiders\MSBuild\Microsoft\VC\v180\Microsoft.CppBuild.targets" from project "C:\Users\Administrator\Desktop\AbalienDiagramChaser\DiagramDetective.vcxproj" (target "_Link" depends on it):
12:52:07.056     1>Done building target "ComputeManifestInputsTargets" in project "DiagramDetective.vcxproj".: (TargetId:316)
12:52:07.056     1>Target "AssignTargetPaths: (TargetId:317)" in file "C:\Program Files\Microsoft Visual Studio\18\Insiders\MSBuild\Current\Bin\amd64\Microsoft.Common.CurrentVersion.targets" from project "C:\Users\Administrator\Desktop\AbalienDiagramChaser\DiagramDetective.vcxproj" (target "PrepareResourceNames" depends on it):
                   Task "AssignTargetPath" (TaskId:366)
                   Done executing task "AssignTargetPath". (TaskId:366)
                   Task "AssignTargetPath" (TaskId:367)
                   Done executing task "AssignTargetPath". (TaskId:367)
                   Task "AssignTargetPath" (TaskId:368)
                   Done executing task "AssignTargetPath". (TaskId:368)
                   Task "AssignTargetPath" (TaskId:369)
                   Done executing task "AssignTargetPath". (TaskId:369)
12:52:07.057     1>Done building target "AssignTargetPaths" in project "DiagramDetective.vcxproj".: (TargetId:317)
12:52:07.057     1>Target "SplitResourcesByCulture: (TargetId:318)" in file "C:\Program Files\Microsoft Visual Studio\18\Insiders\MSBuild\Current\Bin\amd64\Microsoft.Common.CurrentVersion.targets" from project "C:\Users\Administrator\Desktop\AbalienDiagramChaser\DiagramDetective.vcxproj" (target "PrepareResourceNames" depends on it):
                   Task "AssignCulture" (TaskId:370)
                   Done executing task "AssignCulture". (TaskId:370)
12:52:07.060     1>Done building target "SplitResourcesByCulture" in project "DiagramDetective.vcxproj".: (TargetId:318)
12:52:07.060     1>Target "CreateCustomManifestResourceNames: (TargetId:319)" in file "C:\Program Files\Microsoft Visual Studio\18\Insiders\MSBuild\Current\Bin\amd64\Microsoft.Common.CurrentVersion.targets" from project "C:\Users\Administrator\Desktop\AbalienDiagramChaser\DiagramDetective.vcxproj" (target "PrepareResourceNames" depends on it):
12:52:07.060     1>Done building target "CreateCustomManifestResourceNames" in project "DiagramDetective.vcxproj".: (TargetId:319)
12:52:07.060     1>Target "PrepareResourceNames: (TargetId:320)" in file "C:\Program Files\Microsoft Visual Studio\18\Insiders\MSBuild\Current\Bin\amd64\Microsoft.Common.CurrentVersion.targets" from project "C:\Users\Administrator\Desktop\AbalienDiagramChaser\DiagramDetective.vcxproj" (target "_Link" depends on it):
12:52:07.060     1>Done building target "PrepareResourceNames" in project "DiagramDetective.vcxproj".: (TargetId:320)
12:52:07.060     1>Target "MakeDirsForLink: (TargetId:321)" in file "C:\Program Files\Microsoft Visual Studio\18\Insiders\MSBuild\Microsoft\VC\v180\Microsoft.CppBuild.targets" from project "C:\Users\Administrator\Desktop\AbalienDiagramChaser\DiagramDetective.vcxproj" (target "_Link" depends on it):
                   Task "MakeDir" (TaskId:371)
                   Done executing task "MakeDir". (TaskId:371)
12:52:07.060     1>Done building target "MakeDirsForLink" in project "DiagramDetective.vcxproj".: (TargetId:321)
12:52:07.062     1>Target "DoLinkOutputFilesMatch: (TargetId:322)" in file "C:\Program Files\Microsoft Visual Studio\18\Insiders\MSBuild\Microsoft\VC\v180\Microsoft.CppBuild.targets" from project "C:\Users\Administrator\Desktop\AbalienDiagramChaser\DiagramDetective.vcxproj" (target "_Link" depends on it):
12:52:07.062     1>Done building target "DoLinkOutputFilesMatch" in project "DiagramDetective.vcxproj".: (TargetId:322)
12:52:07.062     1>Target "PreLinkEvent: (TargetId:323)" in file "C:\Program Files\Microsoft Visual Studio\18\Insiders\MSBuild\Microsoft\VC\v180\Microsoft.CppCommon.targets" from project "C:\Users\Administrator\Desktop\AbalienDiagramChaser\DiagramDetective.vcxproj" (target "_Link" depends on it):
12:52:07.062     1>Done building target "PreLinkEvent" in project "DiagramDetective.vcxproj".: (TargetId:323)
12:52:07.062     1>Target "ComputeLinkSwitches: (TargetId:324)" in file "C:\Program Files\Microsoft Visual Studio\18\Insiders\MSBuild\Microsoft\VC\v180\Microsoft.CppCommon.targets" from project "C:\Users\Administrator\Desktop\AbalienDiagramChaser\DiagramDetective.vcxproj" (target "Link" depends on it):
12:52:07.063     1>Done building target "ComputeLinkSwitches" in project "DiagramDetective.vcxproj".: (TargetId:324)
12:52:07.063     1>Target "QtUpdateLinkOptions: (TargetId:325)" in file "C:\Users\Administrator\AppData\Local\QtMsBuild\qt_build.targets" from project "C:\Users\Administrator\Desktop\AbalienDiagramChaser\DiagramDetective.vcxproj" (target "Link" depends on it):
12:52:07.063     1>Done building target "QtUpdateLinkOptions" in project "DiagramDetective.vcxproj".: (TargetId:325)
12:52:07.063     1>Target "Link: (TargetId:326)" in file "C:\Program Files\Microsoft Visual Studio\18\Insiders\MSBuild\Microsoft\VC\v180\Microsoft.CppCommon.targets" from project "C:\Users\Administrator\Desktop\AbalienDiagramChaser\DiagramDetective.vcxproj" (target "_Link" depends on it):
                   Task "Link" (TaskId:372)
                     C:\Program Files\Microsoft Visual Studio\18\Insiders\VC\Tools\MSVC\14.51.36231\bin\HostX64\x64\link.exe /ERRORREPORT:PROMPT /OUT:"C:\Users\Administrator\Desktop\AbalienDiagramChaser\x64\Release\DiagramDetective.exe" /NOLOGO kernel32.lib user32.lib gdi32.lib winspool.lib comdlg32.lib advapi32.lib shell32.lib ole32.lib oleaut32.lib uuid.lib odbc32.lib odbccp32.lib C:\Qt\6.11.1\msvc2022_64\lib\Qt6Widgets.lib C:\Qt\6.11.1\msvc2022_64\lib\Qt6Gui.lib C:\Qt\6.11.1\msvc2022_64\lib\Qt6Core.lib C:\Qt\6.11.1\msvc2022_64\lib\Qt6EntryPoint.lib shell32.lib /MANIFEST /MANIFESTUAC:"level='asInvoker' uiAccess='false'" /manifest:embed /PDB:"C:\Users\Administrator\Desktop\AbalienDiagramChaser\x64\Release\DiagramDetective.pdb" /SUBSYSTEM:WINDOWS /OPT:REF /OPT:ICF /LTCG:incremental /LTCGOUT:"DiagramDetective\x64\Release\DiagramDetective.iobj" /TLBID:1 /DYNAMICBASE /NXCOMPAT /IMPLIB:"C:\Users\Administrator\Desktop\AbalienDiagramChaser\x64\Release\DiagramDetective.lib" /MACHINE:X64 "/MANIFESTDEPENDENCY:type='win32' name='Microsoft.Windows.Common-Controls' version='6.0.0.0' publicKeyToken='6595b64144ccf1df' language='*' processorArchitecture='*'" DiagramDetective\x64\Release\DiagramDetective.res
                     DiagramDetective\x64\Release\DiagramDetective.obj
                     DiagramDetective\x64\Release\main.obj
                     DiagramDetective\x64\Release\Arrow.obj
                     DiagramDetective\x64\Release\ArrowHandle.obj
                     DiagramDetective\x64\Release\AtomicElement.obj
                     DiagramDetective\x64\Release\Category.obj
                     DiagramDetective\x64\Release\DiagramScene.obj
                     DiagramDetective\x64\Release\Functor.obj
                     DiagramDetective\x64\Release\Node.obj
                     DiagramDetective\x64\Release\NodeHandles.obj
                     DiagramDetective\x64\Release\NodeLabel.obj
                     DiagramDetective\x64\Release\Object.obj
                     DiagramDetective\x64\Release\AppSettings.obj
                     DiagramDetective\x64\Release\Emoji.obj
                     DiagramDetective\x64\Release\NodeKind.obj
                     DiagramDetective\x64\Release\Notation.obj
                     DiagramDetective\x64\Release\Ab.obj
                     DiagramDetective\x64\Release\BigCat.obj
                     DiagramDetective\x64\Release\BuiltInCategories.obj
                     DiagramDetective\x64\Release\Cat.obj
                     DiagramDetective\x64\Release\Grp.obj
                     DiagramDetective\x64\Release\ModR.obj
                     DiagramDetective\x64\Release\RMod.obj
                     DiagramDetective\x64\Release\Ring.obj
                     DiagramDetective\x64\Release\Set.obj
                     DiagramDetective\x64\Release\Top.obj
                     DiagramDetective\x64\Release\Vect.obj
                     DiagramDetective\x64\Release\Translation.obj
                     DiagramDetective\x64\Release\Mementos.obj
                     DiagramDetective\x64\Release\SceneHistory.obj
                     DiagramDetective\x64\Release\SceneFile.obj
                     DiagramDetective\x64\Release\GraphLayoutThread.obj
                     DiagramDetective\x64\Release\GridLayoutThread.obj
                     DiagramDetective\x64\Release\ArrowProp.obj
                     DiagramDetective\x64\Release\CategoryProp.obj
                     DiagramDetective\x64\Release\CategoryProps.obj
                     DiagramDetective\x64\Release\Constructions.obj
                     DiagramDetective\x64\Release\MapsElements.obj
                     DiagramDetective\x64\Release\Prop.obj
                     DiagramDetective\x64\Release\SketchProp.obj
                     DiagramDetective\x64\Release\Library.obj
                     DiagramDetective\x64\Release\Pattern.obj
                     DiagramDetective\x64\Release\Rule.obj
                     DiagramDetective\x64\Release\RuleBuilder.obj
                     DiagramDetective\x64\Release\RuleSearch.obj
                     DiagramDetective\x64\Release\StandardRules.obj
                     DiagramDetective\x64\Release\CategoryDialog.obj
                     DiagramDetective\x64\Release\RenameSceneDialog.obj
                     DiagramDetective\x64\Release\SettingsDialog.obj
                     DiagramDetective\x64\Release\ArrowTutor.obj
                     DiagramDetective\x64\Release\ElementOpTutor.obj
                     DiagramDetective\x64\Release\ProofTutor.obj
                     DiagramDetective\x64\Release\SetupTutor.obj
                     DiagramDetective\x64\Release\Tutor.obj
                     DiagramDetective\x64\Release\TutorSession.obj
                     DiagramDetective\x64\Release\ApplicableRulesDock.obj
                     DiagramDetective\x64\Release\CommutativeEquationsDock.obj
                     DiagramDetective\x64\Release\EnglishDock.obj
                     DiagramDetective\x64\Release\LibraryDock.obj
                     DiagramDetective\x64\Release\PropertiesDock.obj
                     DiagramDetective\x64\Release\SketchView.obj
                     DiagramDetective\x64\Release\ToggleSwitch.obj
                     DiagramDetective\x64\Release\qrc_DiagramDetective.obj
                     DiagramDetective\x64\Release\moc_Arrow.obj
                     DiagramDetective\x64\Release\moc_ArrowHandle.obj
                     DiagramDetective\x64\Release\moc_AtomicElement.obj
                     DiagramDetective\x64\Release\moc_Category.obj
                     DiagramDetective\x64\Release\moc_DiagramScene.obj
                     DiagramDetective\x64\Release\moc_Functor.obj
                     DiagramDetective\x64\Release\moc_Node.obj
                     DiagramDetective\x64\Release\moc_NodeHandles.obj
                     DiagramDetective\x64\Release\moc_Object.obj
                     DiagramDetective\x64\Release\moc_AppSettings.obj
                     DiagramDetective\x64\Release\moc_Ab.obj
                     DiagramDetective\x64\Release\moc_BigCat.obj
                     DiagramDetective\x64\Release\moc_Cat.obj
                     DiagramDetective\x64\Release\moc_Grp.obj
                     DiagramDetective\x64\Release\moc_ModR.obj
                     DiagramDetective\x64\Release\moc_RMod.obj
                     DiagramDetective\x64\Release\moc_Ring.obj
                     DiagramDetective\x64\Release\moc_Set.obj
                     DiagramDetective\x64\Release\moc_Top.obj
                     DiagramDetective\x64\Release\moc_Vect.obj
                     DiagramDetective\x64\Release\moc_SceneHistory.obj
                     DiagramDetective\x64\Release\moc_GraphLayoutThread.obj
                     DiagramDetective\x64\Release\moc_GridLayoutThread.obj
                     DiagramDetective\x64\Release\moc_ArrowProp.obj
                     DiagramDetective\x64\Release\moc_ArrowProps.obj
                     DiagramDetective\x64\Release\moc_CategoryProp.obj
                     DiagramDetective\x64\Release\moc_CategoryProps.obj
                     DiagramDetective\x64\Release\moc_Constructions.obj
                     DiagramDetective\x64\Release\moc_Prop.obj
                     DiagramDetective\x64\Release\moc_SketchProp.obj
                     DiagramDetective\x64\Release\moc_RuleSearch.obj
                     DiagramDetective\x64\Release\moc_CategoryDialog.obj
                     DiagramDetective\x64\Release\moc_RenameSceneDialog.obj
                     DiagramDetective\x64\Release\moc_SettingsDialog.obj
                     DiagramDetective\x64\Release\moc_ArrowTutor.obj
                     DiagramDetective\x64\Release\moc_ElementOpTutor.obj
                     DiagramDetective\x64\Release\moc_ProofTutor.obj
                     DiagramDetective\x64\Release\moc_SetupTutor.obj
                     DiagramDetective\x64\Release\moc_TutorSession.obj
                     DiagramDetective\x64\Release\moc_ApplicableRulesDock.obj
                     DiagramDetective\x64\Release\moc_CommutativeEquationsDock.obj
                     DiagramDetective\x64\Release\moc_EnglishDock.obj
                     DiagramDetective\x64\Release\moc_LibraryDock.obj
                     DiagramDetective\x64\Release\moc_SketchView.obj
                     DiagramDetective\x64\Release\moc_ToggleSwitch.obj
                     DiagramDetective\x64\Release\moc_DiagramDetective.obj
                     DiagramDetective\x64\Release\moc_MapsElements.obj
                     DiagramDetective\x64\Release\moc_PropertiesDock.obj (TaskId:372)
                     Generating code (TaskId:372)
                     271 of 14159 functions ( 1.9%) were compiled, the rest were copied from previous compilation. (TaskId:372)
                       96 functions were new in current compilation (TaskId:372)
                       225 functions had inline decision re-evaluated but remain unchanged (TaskId:372)
                     Finished generating code (TaskId:372)
                   Done executing task "Link". (TaskId:372)
                   Task "Message" (TaskId:373)
                     DiagramDetective.vcxproj -> C:\Users\Administrator\Desktop\AbalienDiagramChaser\x64\Release\DiagramDetective.exe (TaskId:373)
                   Done executing task "Message". (TaskId:373)
12:52:16.029     1>Done building target "Link" in project "DiagramDetective.vcxproj".: (TargetId:326)
12:52:16.029     1>Target "AfterLink: (TargetId:327)" in file "C:\Program Files\Microsoft Visual Studio\18\Insiders\MSBuild\Microsoft\VC\v180\Microsoft.CppBuild.targets" from project "C:\Users\Administrator\Desktop\AbalienDiagramChaser\DiagramDetective.vcxproj" (target "_Link" depends on it):
12:52:16.029     1>Done building target "AfterLink" in project "DiagramDetective.vcxproj".: (TargetId:327)
12:52:16.029     1>Target "_Link: (TargetId:328)" in file "C:\Program Files\Microsoft Visual Studio\18\Insiders\MSBuild\Microsoft\VC\v180\Microsoft.CppBuild.targets" from project "C:\Users\Administrator\Desktop\AbalienDiagramChaser\DiagramDetective.vcxproj" (target "_BuildLinkAction" depends on it):
12:52:16.029     1>Done building target "_Link" in project "DiagramDetective.vcxproj".: (TargetId:328)
12:52:16.029     1>Target "_ALink: (TargetId:329)" in file "C:\Program Files\Microsoft Visual Studio\18\Insiders\MSBuild\Microsoft\VC\v180\Microsoft.CppBuild.targets" from project "C:\Users\Administrator\Desktop\AbalienDiagramChaser\DiagramDetective.vcxproj" (target "_BuildLinkAction" depends on it):
12:52:16.029     1>Done building target "_ALink" in project "DiagramDetective.vcxproj".: (TargetId:329)
12:52:16.029     1>Target "_Manifest: (TargetId:330)" in file "C:\Program Files\Microsoft Visual Studio\18\Insiders\MSBuild\Microsoft\VC\v180\Microsoft.CppBuild.targets" from project "C:\Users\Administrator\Desktop\AbalienDiagramChaser\DiagramDetective.vcxproj" (target "_BuildLinkAction" depends on it):
12:52:16.029     1>Done building target "_Manifest" in project "DiagramDetective.vcxproj".: (TargetId:330)
12:52:16.030     1>Target "RegisterOutput: (TargetId:331)" in file "C:\Program Files\Microsoft Visual Studio\18\Insiders\MSBuild\Microsoft\VC\v180\Microsoft.CppCommon.targets" from project "C:\Users\Administrator\Desktop\AbalienDiagramChaser\DiagramDetective.vcxproj" (target "_BuildLinkAction" depends on it):
12:52:16.030     1>Done building target "RegisterOutput" in project "DiagramDetective.vcxproj".: (TargetId:331)
12:52:16.030     1>Target "ResolvedXDCMake: (TargetId:332)" in file "C:\Program Files\Microsoft Visual Studio\18\Insiders\MSBuild\Microsoft\VC\v180\Microsoft.CppBuild.targets" from project "C:\Users\Administrator\Desktop\AbalienDiagramChaser\DiagramDetective.vcxproj" (target "_XdcMake" depends on it):
12:52:16.031     1>Done building target "ResolvedXDCMake" in project "DiagramDetective.vcxproj".: (TargetId:332)
12:52:16.031     1>Target "ComputeCLCompileGeneratedXDCFiles: (TargetId:333)" in file "C:\Program Files\Microsoft Visual Studio\18\Insiders\MSBuild\Microsoft\VC\v180\Microsoft.CppBuild.targets" from project "C:\Users\Administrator\Desktop\AbalienDiagramChaser\DiagramDetective.vcxproj" (target "_XdcMake" depends on it):
12:52:16.031     1>Done building target "ComputeCLCompileGeneratedXDCFiles" in project "DiagramDetective.vcxproj".: (TargetId:333)
12:52:16.031     1>Target "MakeDirsForXdcMake: (TargetId:334)" in file "C:\Program Files\Microsoft Visual Studio\18\Insiders\MSBuild\Microsoft\VC\v180\Microsoft.CppBuild.targets" from project "C:\Users\Administrator\Desktop\AbalienDiagramChaser\DiagramDetective.vcxproj" (target "_XdcMake" depends on it):
                   Task "MakeDir" (TaskId:374)
                   Done executing task "MakeDir". (TaskId:374)
12:52:16.031     1>Done building target "MakeDirsForXdcMake" in project "DiagramDetective.vcxproj".: (TargetId:334)
12:52:16.031     1>Target "_XdcMake: (TargetId:335)" in file "C:\Program Files\Microsoft Visual Studio\18\Insiders\MSBuild\Microsoft\VC\v180\Microsoft.CppBuild.targets" from project "C:\Users\Administrator\Desktop\AbalienDiagramChaser\DiagramDetective.vcxproj" (target "_BuildLinkAction" depends on it):
12:52:16.031     1>Done building target "_XdcMake" in project "DiagramDetective.vcxproj".: (TargetId:335)
12:52:16.031     1>Target "ComputeCLCompileGeneratedSbrFiles: (TargetId:336)" in file "C:\Program Files\Microsoft Visual Studio\18\Insiders\MSBuild\Microsoft\VC\v180\Microsoft.CppBuild.targets" from project "C:\Users\Administrator\Desktop\AbalienDiagramChaser\DiagramDetective.vcxproj" (target "_BscMake" depends on it):
12:52:16.032     1>Done building target "ComputeCLCompileGeneratedSbrFiles" in project "DiagramDetective.vcxproj".: (TargetId:336)
12:52:16.032     1>Target "MakeDirsForBscMake: (TargetId:337)" in file "C:\Program Files\Microsoft Visual Studio\18\Insiders\MSBuild\Microsoft\VC\v180\Microsoft.CppBuild.targets" from project "C:\Users\Administrator\Desktop\AbalienDiagramChaser\DiagramDetective.vcxproj" (target "_BscMake" depends on it):
                   Task "MakeDir" (TaskId:375)
                   Done executing task "MakeDir". (TaskId:375)
12:52:16.032     1>Done building target "MakeDirsForBscMake" in project "DiagramDetective.vcxproj".: (TargetId:337)
12:52:16.032     1>Target "_BscMake: (TargetId:338)" in file "C:\Program Files\Microsoft Visual Studio\18\Insiders\MSBuild\Microsoft\VC\v180\Microsoft.CppBuild.targets" from project "C:\Users\Administrator\Desktop\AbalienDiagramChaser\DiagramDetective.vcxproj" (target "_BuildLinkAction" depends on it):
12:52:16.032     1>Done building target "_BscMake" in project "DiagramDetective.vcxproj".: (TargetId:338)
12:52:16.032     1>Target "BuiltProjectOutputGroup: (TargetId:339)" in file "C:\Program Files\Microsoft Visual Studio\18\Insiders\MSBuild\Microsoft\VC\v180\Microsoft.CppBuild.targets" from project "C:\Users\Administrator\Desktop\AbalienDiagramChaser\DiagramDetective.vcxproj" (target "CreateRecipeFile" depends on it):
12:52:16.032     1>Done building target "BuiltProjectOutputGroup" in project "DiagramDetective.vcxproj".: (TargetId:339)
12:52:16.032     1>Target "SatelliteDllsProjectOutputGroup: (TargetId:340)" in file "C:\Program Files\Microsoft Visual Studio\18\Insiders\MSBuild\Current\Bin\amd64\Microsoft.Common.CurrentVersion.targets" from project "C:\Users\Administrator\Desktop\AbalienDiagramChaser\DiagramDetective.vcxproj" (target "CreateRecipeFile" depends on it):
12:52:16.032     1>Done building target "SatelliteDllsProjectOutputGroup" in project "DiagramDetective.vcxproj".: (TargetId:340)
12:52:16.033     1>Target "MakeDirsForFxc: (TargetId:341)" in file "C:\Program Files\Microsoft Visual Studio\18\Insiders\MSBuild\Microsoft\VC\v180\Microsoft.CppBuild.targets" from project "C:\Users\Administrator\Desktop\AbalienDiagramChaser\DiagramDetective.vcxproj" (target "ContentFilesProjectOutputGroup" depends on it):
                   Task "MakeDir" (TaskId:376)
                   Done executing task "MakeDir". (TaskId:376)
12:52:16.033     1>Done building target "MakeDirsForFxc" in project "DiagramDetective.vcxproj".: (TargetId:341)
12:52:16.033     1>Target "ContentFilesProjectOutputGroup: (TargetId:342)" in file "C:\Program Files\Microsoft Visual Studio\18\Insiders\MSBuild\Microsoft\VC\v180\Microsoft.CppBuild.targets" from project "C:\Users\Administrator\Desktop\AbalienDiagramChaser\DiagramDetective.vcxproj" (target "CreateRecipeFile" depends on it):
12:52:16.033     1>Done building target "ContentFilesProjectOutputGroup" in project "DiagramDetective.vcxproj".: (TargetId:342)
12:52:16.033     1>Target "CreateRecipeFile: (TargetId:343)" in file "C:\Program Files\Microsoft Visual Studio\18\Insiders\MSBuild\Microsoft\VC\v180\Microsoft.CppBuild.targets" from project "C:\Users\Administrator\Desktop\AbalienDiagramChaser\DiagramDetective.vcxproj" (target "_BuildLinkAction" depends on it):
                   Task "GenerateDesktopDeployRecipe" (TaskId:377)
                   Done executing task "GenerateDesktopDeployRecipe". (TaskId:377)
12:52:16.050     1>Done building target "CreateRecipeFile" in project "DiagramDetective.vcxproj".: (TargetId:343)
12:52:16.050     1>Target "_GenerateSatelliteAssemblyInputs: (TargetId:344)" in file "C:\Program Files\Microsoft Visual Studio\18\Insiders\MSBuild\Current\Bin\amd64\Microsoft.Common.CurrentVersion.targets" from project "C:\Users\Administrator\Desktop\AbalienDiagramChaser\DiagramDetective.vcxproj" (target "CreateSatelliteAssemblies" depends on it):
12:52:16.050     1>Done building target "_GenerateSatelliteAssemblyInputs" in project "DiagramDetective.vcxproj".: (TargetId:344)
12:52:16.050     1>Target "CreateSatelliteAssemblies: (TargetId:345)" in file "C:\Program Files\Microsoft Visual Studio\18\Insiders\MSBuild\Current\Bin\amd64\Microsoft.Common.CurrentVersion.targets" from project "C:\Users\Administrator\Desktop\AbalienDiagramChaser\DiagramDetective.vcxproj" (target "_BuildLinkAction" depends on it):
12:52:16.050     1>Done building target "CreateSatelliteAssemblies" in project "DiagramDetective.vcxproj".: (TargetId:345)
12:52:16.050     1>Target "_Appverifier: (TargetId:346)" in file "C:\Program Files\Microsoft Visual Studio\18\Insiders\MSBuild\Microsoft\VC\v180\Microsoft.CppBuild.targets" from project "C:\Users\Administrator\Desktop\AbalienDiagramChaser\DiagramDetective.vcxproj" (target "_BuildLinkAction" depends on it):
12:52:16.050     1>Done building target "_Appverifier" in project "DiagramDetective.vcxproj".: (TargetId:346)
12:52:16.050     1>Target "_Deploy: (TargetId:347)" in file "C:\Program Files\Microsoft Visual Studio\18\Insiders\MSBuild\Microsoft\VC\v180\Microsoft.CppBuild.targets" from project "C:\Users\Administrator\Desktop\AbalienDiagramChaser\DiagramDetective.vcxproj" (target "_BuildLinkAction" depends on it):
12:52:16.050     1>Done building target "_Deploy" in project "DiagramDetective.vcxproj".: (TargetId:347)
12:52:16.050     1>Target "_CalculatePostXamarinTelemetry: (TargetId:348)" in file "C:\Program Files\Microsoft Visual Studio\18\Insiders\MSBuild\Xamarin\Xamarin.Sdk.targets" from project "C:\Users\Administrator\Desktop\AbalienDiagramChaser\DiagramDetective.vcxproj" (target "PrepareForRun" depends on it):
                   Task "Message" (TaskId:378)
                   Done executing task "Message". (TaskId:378)
                   Task "Message" (TaskId:379)
                   Done executing task "Message". (TaskId:379)
                   Task "Message" (TaskId:380)
                   Done executing task "Message". (TaskId:380)
                   Task "Message" (TaskId:381)
                   Done executing task "Message". (TaskId:381)
                   Task "Message" (TaskId:382)
                   Done executing task "Message". (TaskId:382)
                   Task "Message" (TaskId:383)
                   Done executing task "Message". (TaskId:383)
                   Task "Message" (TaskId:384)
                   Done executing task "Message". (TaskId:384)
                   Task "Message" (TaskId:385)
                   Done executing task "Message". (TaskId:385)
                   Task "Message" (TaskId:386)
                   Done executing task "Message". (TaskId:386)
                   Task "Message" (TaskId:387)
                   Done executing task "Message". (TaskId:387)
                   Task "Message" (TaskId:388)
                   Done executing task "Message". (TaskId:388)
                   Task "Message" (TaskId:389)
                   Done executing task "Message". (TaskId:389)
                   Task "Message" (TaskId:390)
                   Done executing task "Message". (TaskId:390)
                   Task "Message" (TaskId:391)
                   Done executing task "Message". (TaskId:391)
                   Task "Message" (TaskId:392)
                   Done executing task "Message". (TaskId:392)
                   Task "Message" (TaskId:393)
                   Done executing task "Message". (TaskId:393)
                   Task "Message" (TaskId:394)
                   Done executing task "Message". (TaskId:394)
                   Task "Message" (TaskId:395)
                   Done executing task "Message". (TaskId:395)
                   Task "Message" (TaskId:396)
                   Done executing task "Message". (TaskId:396)
12:52:16.052     1>Done building target "_CalculatePostXamarinTelemetry" in project "DiagramDetective.vcxproj".: (TargetId:348)
12:52:16.052     1>Target "_PopulateCommonStateForGetCopyToOutputDirectoryItems: (TargetId:349)" in file "C:\Program Files\Microsoft Visual Studio\18\Insiders\MSBuild\Current\Bin\amd64\Microsoft.Common.CurrentVersion.targets" from project "C:\Users\Administrator\Desktop\AbalienDiagramChaser\DiagramDetective.vcxproj" (target "GetCopyToOutputDirectoryItems" depends on it):
12:52:16.052     1>Done building target "_PopulateCommonStateForGetCopyToOutputDirectoryItems" in project "DiagramDetective.vcxproj".: (TargetId:349)
12:52:16.052     1>Target "GetCopyToOutputDirectoryXamlAppDefs: (TargetId:350)" in file "C:\Windows\Microsoft.NET\Framework\v4.0.30319\Microsoft.Xaml.targets" from project "C:\Users\Administrator\Desktop\AbalienDiagramChaser\DiagramDetective.vcxproj" (target "GetCopyToOutputDirectoryItems" depends on it):
                   Task "AssignTargetPath" (TaskId:397)
                   Done executing task "AssignTargetPath". (TaskId:397)
12:52:16.052     1>Done building target "GetCopyToOutputDirectoryXamlAppDefs" in project "DiagramDetective.vcxproj".: (TargetId:350)
12:52:16.052     1>Target "GetCopyToOutputDirectoryItems: (TargetId:351)" in file "C:\Program Files\Microsoft Visual Studio\18\Insiders\MSBuild\Current\Bin\amd64\Microsoft.Common.CurrentVersion.targets" from project "C:\Users\Administrator\Desktop\AbalienDiagramChaser\DiagramDetective.vcxproj" (target "_CopySourceItemsToOutputDirectory" depends on it):
                   Task "CallTarget" (TaskId:398)
12:52:16.053     1>Target "_GetCopyToOutputDirectoryItemsFromTransitiveProjectReferences: (TargetId:352)" in file "C:\Program Files\Microsoft Visual Studio\18\Insiders\MSBuild\Current\Bin\amd64\Microsoft.Common.CurrentVersion.targets" from project "C:\Users\Administrator\Desktop\AbalienDiagramChaser\DiagramDetective.vcxproj" (target "GetCopyToOutputDirectoryItems" depends on it):
                   Task "AssignTargetPath" (TaskId:399)
                   Done executing task "AssignTargetPath". (TaskId:399)
12:52:16.053     1>Done building target "_GetCopyToOutputDirectoryItemsFromTransitiveProjectReferences" in project "DiagramDetective.vcxproj".: (TargetId:352)
                   Done executing task "CallTarget". (TaskId:398)
                   Task "CallTarget" (TaskId:400)
12:52:16.053     1>Target "_GetCopyToOutputDirectoryItemsFromThisProject: (TargetId:353)" in file "C:\Program Files\Microsoft Visual Studio\18\Insiders\MSBuild\Current\Bin\amd64\Microsoft.Common.CurrentVersion.targets" from project "C:\Users\Administrator\Desktop\AbalienDiagramChaser\DiagramDetective.vcxproj" (target "GetCopyToOutputDirectoryItems" depends on it):
                   Task "AssignTargetPath" (TaskId:401)
                   Done executing task "AssignTargetPath". (TaskId:401)
12:52:16.054     1>Done building target "_GetCopyToOutputDirectoryItemsFromThisProject" in project "DiagramDetective.vcxproj".: (TargetId:353)
                   Done executing task "CallTarget". (TaskId:400)
12:52:16.054     1>Done building target "GetCopyToOutputDirectoryItems" in project "DiagramDetective.vcxproj".: (TargetId:351)
12:52:16.054     1>Target "_CopySourceItemsToOutputDirectory: (TargetId:354)" in file "C:\Program Files\Microsoft Visual Studio\18\Insiders\MSBuild\Current\Bin\amd64\Microsoft.Common.CurrentVersion.targets" from project "C:\Users\Administrator\Desktop\AbalienDiagramChaser\DiagramDetective.vcxproj" (target "CopyFilesToOutputDirectory" depends on it):
12:52:16.054     1>Done building target "_CopySourceItemsToOutputDirectory" in project "DiagramDetective.vcxproj".: (TargetId:354)
12:52:16.054     1>Target "_CheckForCompileOutputs: (TargetId:355)" in file "C:\Program Files\Microsoft Visual Studio\18\Insiders\MSBuild\Current\Bin\amd64\Microsoft.Common.CurrentVersion.targets" from project "C:\Users\Administrator\Desktop\AbalienDiagramChaser\DiagramDetective.vcxproj" (target "CopyFilesToOutputDirectory" depends on it):
12:52:16.054     1>Done building target "_CheckForCompileOutputs" in project "DiagramDetective.vcxproj".: (TargetId:355)
12:52:16.054     1>Target "CopyFilesToOutputDirectory: (TargetId:356)" in file "C:\Program Files\Microsoft Visual Studio\18\Insiders\MSBuild\Current\Bin\amd64\Microsoft.Common.CurrentVersion.targets" from project "C:\Users\Administrator\Desktop\AbalienDiagramChaser\DiagramDetective.vcxproj" (target "PrepareForRun" depends on it):
12:52:16.056     1>Done building target "CopyFilesToOutputDirectory" in project "DiagramDetective.vcxproj".: (TargetId:356)
12:52:16.056     1>Target "PrepareForRun: (TargetId:357)" in file "C:\Program Files\Microsoft Visual Studio\18\Insiders\MSBuild\Current\Bin\amd64\Microsoft.Common.CurrentVersion.targets" from project "C:\Users\Administrator\Desktop\AbalienDiagramChaser\DiagramDetective.vcxproj" (target "_BuildLinkAction" depends on it):
12:52:16.056     1>Done building target "PrepareForRun" in project "DiagramDetective.vcxproj".: (TargetId:357)
12:52:16.056     1>Target "PostBuildEvent: (TargetId:358)" in file "C:\Program Files\Microsoft Visual Studio\18\Insiders\MSBuild\Microsoft\VC\v180\Microsoft.CppCommon.targets" from project "C:\Users\Administrator\Desktop\AbalienDiagramChaser\DiagramDetective.vcxproj" (target "_BuildLinkAction" depends on it):
12:52:16.056     1>Done building target "PostBuildEvent" in project "DiagramDetective.vcxproj".: (TargetId:358)
12:52:16.056     1>Target "_BuildLinkAction: (TargetId:359)" in file "C:\Program Files\Microsoft Visual Studio\18\Insiders\MSBuild\Microsoft\VC\v180\Microsoft.CppBuild.targets" from project "C:\Users\Administrator\Desktop\AbalienDiagramChaser\DiagramDetective.vcxproj" (target "BuildLink" depends on it):
12:52:16.056     1>Done building target "_BuildLinkAction" in project "DiagramDetective.vcxproj".: (TargetId:359)
12:52:16.056     1>Target "BuildLink: (TargetId:360)" in file "C:\Program Files\Microsoft Visual Studio\18\Insiders\MSBuild\Current\Bin\amd64\Microsoft.Common.CurrentVersion.targets" from project "C:\Users\Administrator\Desktop\AbalienDiagramChaser\DiagramDetective.vcxproj" (target "Build" depends on it):
12:52:16.056     1>Done building target "BuildLink" in project "DiagramDetective.vcxproj".: (TargetId:360)
12:52:16.056     1>Target "AfterBuild: (TargetId:361)" in file "C:\Program Files\Microsoft Visual Studio\18\Insiders\MSBuild\Microsoft\VC\v180\Microsoft.BuildSteps.Targets" from project "C:\Users\Administrator\Desktop\AbalienDiagramChaser\DiagramDetective.vcxproj" (target "Build" depends on it):
12:52:16.056     1>Done building target "AfterBuild" in project "DiagramDetective.vcxproj".: (TargetId:361)
12:52:16.056     1>Target "_CleanGetCurrentAndPriorFileWrites: (TargetId:362)" in file "C:\Program Files\Microsoft Visual Studio\18\Insiders\MSBuild\Current\Bin\amd64\Microsoft.Common.CurrentVersion.targets" from project "C:\Users\Administrator\Desktop\AbalienDiagramChaser\DiagramDetective.vcxproj" (target "IncrementalClean" depends on it):
                   Task "ReadLinesFromFile" (TaskId:402)
                   Done executing task "ReadLinesFromFile". (TaskId:402)
                   Task "ConvertToAbsolutePath" (TaskId:403)
                   Done executing task "ConvertToAbsolutePath". (TaskId:403)
                   Task "FindUnderPath" (TaskId:404)
                   Done executing task "FindUnderPath". (TaskId:404)
                   Task "FindUnderPath" (TaskId:405)
                   Done executing task "FindUnderPath". (TaskId:405)
                   Task "FindUnderPath" (TaskId:406)
                   Done executing task "FindUnderPath". (TaskId:406)
                   Task "RemoveDuplicates" (TaskId:407)
                   Done executing task "RemoveDuplicates". (TaskId:407)
12:52:16.058     1>Done building target "_CleanGetCurrentAndPriorFileWrites" in project "DiagramDetective.vcxproj".: (TargetId:362)
12:52:16.058     1>Target "IncrementalClean: (TargetId:363)" in file "C:\Program Files\Microsoft Visual Studio\18\Insiders\MSBuild\Current\Bin\amd64\Microsoft.Common.CurrentVersion.targets" from project "C:\Users\Administrator\Desktop\AbalienDiagramChaser\DiagramDetective.vcxproj" (target "Build" depends on it):
                   Task "FindUnderPath" (TaskId:408)
                   Done executing task "FindUnderPath". (TaskId:408)
                   Task "FindUnderPath" (TaskId:409)
                   Done executing task "FindUnderPath". (TaskId:409)
                   Task "Delete" (TaskId:410)
                   Done executing task "Delete". (TaskId:410)
                   Task "RemoveDuplicates" (TaskId:411)
                   Done executing task "RemoveDuplicates". (TaskId:411)
12:52:16.058     1>Done building target "IncrementalClean" in project "DiagramDetective.vcxproj".: (TargetId:363)
12:52:16.058     1>Target "TlogCleanup: (TargetId:364)" in file "C:\Program Files\Microsoft Visual Studio\18\Insiders\MSBuild\Microsoft\VC\v180\Microsoft.CppBuild.targets" from project "C:\Users\Administrator\Desktop\AbalienDiagramChaser\DiagramDetective.vcxproj" (target "Build" depends on it):
                   Task "CleanupStaleTlogItems" (TaskId:412)
                   Done executing task "CleanupStaleTlogItems". (TaskId:412)
12:52:16.064     1>Done building target "TlogCleanup" in project "DiagramDetective.vcxproj".: (TargetId:364)
12:52:16.064     1>Target "FinalizeBuildStatus: (TargetId:365)" in file "C:\Program Files\Microsoft Visual Studio\18\Insiders\MSBuild\Microsoft\VC\v180\Microsoft.CppBuild.targets" from project "C:\Users\Administrator\Desktop\AbalienDiagramChaser\DiagramDetective.vcxproj" (target "Build" depends on it):
                   Task "Delete" (TaskId:413)
                   Done executing task "Delete". (TaskId:413)
                   Task "Touch" (TaskId:414)
                   Done executing task "Touch". (TaskId:414)
12:52:16.066     1>Done building target "FinalizeBuildStatus" in project "DiagramDetective.vcxproj".: (TargetId:365)
12:52:16.066     1>Target "Build: (TargetId:366)" in file "C:\Program Files\Microsoft Visual Studio\18\Insiders\MSBuild\Microsoft\VC\v180\Microsoft.BuildSteps.Targets" from project "C:\Users\Administrator\Desktop\AbalienDiagramChaser\DiagramDetective.vcxproj" (entry point):
12:52:16.066     1>Done building target "Build" in project "DiagramDetective.vcxproj".: (TargetId:366)
12:52:16.067     1>Done Building Project "C:\Users\Administrator\Desktop\AbalienDiagramChaser\DiagramDetective.vcxproj" (Build target(s)).

Project Performance Summary:
    66529 ms  C:\Users\Administrator\Desktop\AbalienDiagramChaser\DiagramDetective.vcxproj   3 calls
              66490 ms  Build                                      1 calls
                 39 ms  QtVarsRead                                 2 calls

Target Performance Summary:
        0 ms  Build                                      1 calls
        0 ms  BuildLinkTraverse                          1 calls
        0 ms  BuildCompile                               1 calls
        0 ms  _BuildCompileAction                        1 calls
        0 ms  AfterBuildCompileEvent                     1 calls
        0 ms  _ResourceCompile                           1 calls
        0 ms  AfterResourceCompile                       1 calls
        0 ms  SelectResourceCompile                      1 calls
        0 ms  MakeDirsForResourceCompile                 1 calls
        0 ms  BeforeResourceCompile                      1 calls
        0 ms  _ClCompile                                 1 calls
        0 ms  AfterClCompile                             1 calls
        0 ms  SelectClCompile                            1 calls
        0 ms  _CopySourceItemsToOutputDirectory          1 calls
        0 ms  _CheckForCompileOutputs                    1 calls
        0 ms  PrepareForRun                              1 calls
        0 ms  PostBuildEvent                             1 calls
        0 ms  QtQml                                      1 calls
        0 ms  QtMocUpdate                                1 calls
        0 ms  _BuildLinkAction                           1 calls
        0 ms  QtMocPrepare                               1 calls
        0 ms  QtMocEnsureCollectJsonMarkers              1 calls
        0 ms  QtQmlCache                                 1 calls
        0 ms  _PopulateCommonStateForGetCopyToOutputDirectoryItems   1 calls
        0 ms  QtQmlSetModified                           1 calls
        0 ms  QtRccFilter                                1 calls
        0 ms  QtRccFilterSetModified                     1 calls
        0 ms  QtRccOverrideCpp                           1 calls
        0 ms  QtRccSetModified                           1 calls
        0 ms  QtRccPrepare                               1 calls
        0 ms  BeforeLink                                 1 calls
        0 ms  ComputeRCOutputs                           1 calls
        0 ms  ComputeRCGeneratedLinkInputs               1 calls
        0 ms  ComputeManifestGeneratedLinkerInputs       1 calls
        0 ms  _Deploy                                    1 calls
        0 ms  _Appverifier                               1 calls
        0 ms  CreateSatelliteAssemblies                  1 calls
        0 ms  _GenerateSatelliteAssemblyInputs           1 calls
        0 ms  ContentFilesProjectOutputGroup             1 calls
        0 ms  MakeDirsForFxc                             1 calls
        0 ms  SatelliteDllsProjectOutputGroup            1 calls
        0 ms  BuiltProjectOutputGroup                    1 calls
        0 ms  _BscMake                                   1 calls
        0 ms  MakeDirsForBscMake                         1 calls
        0 ms  _XdcMake                                   1 calls
        0 ms  MakeDirsForXdcMake                         1 calls
        0 ms  ComputeCLCompileGeneratedXDCFiles          1 calls
        0 ms  RegisterOutput                             1 calls
        0 ms  QtRccSetDependencies                       1 calls
        0 ms  _Manifest                                  1 calls
        0 ms  _Link                                      1 calls
        0 ms  AfterLink                                  1 calls
        0 ms  _GetCopyToOutputDirectoryItemsFromTransitiveProjectReferences   1 calls
        0 ms  QtUpdateLinkOptions                        1 calls
        0 ms  PreLinkEvent                               1 calls
        0 ms  DoLinkOutputFilesMatch                     1 calls
        0 ms  MakeDirsForLink                            1 calls
        0 ms  PrepareResourceNames                       1 calls
        0 ms  CreateCustomManifestResourceNames          1 calls
        0 ms  ComputeManifestInputsTargets               1 calls
        0 ms  QtRccPass2_Link                            1 calls
        0 ms  QtRccPass2                                 1 calls
        0 ms  QtRccPass2_GetObjs                         1 calls
        0 ms  ComputeCLGeneratedLinkInputs               1 calls
        0 ms  _ALink                                     1 calls
        0 ms  QtRccInit                                  1 calls
        0 ms  QtQmlCacheItem                             1 calls
        0 ms  QtUicSetModified                           2 calls
        0 ms  _BuildGenerateSourcesAction                1 calls
        0 ms  AfterBuildGenerateSourcesEvent             1 calls
        0 ms  AfterBuildGenerateSources                  1 calls
        0 ms  _Midl                                      1 calls
        0 ms  AfterMidl                                  1 calls
        0 ms  ComputeMIDLGeneratedCompileInputs          1 calls
        0 ms  MakeDirsForMidl                            1 calls
        0 ms  BuildLink                                  1 calls
        0 ms  ComputeCustomBuildOutput                   1 calls
        0 ms  SelectCustomBuild                          1 calls
        0 ms  _SelectedFiles                             1 calls
        0 ms  PreBuildEvent                              1 calls
        0 ms  BeforeBuildGenerateSources                 1 calls
        0 ms  BuildGenerateSourcesTraverse               1 calls
        0 ms  ResolveReferences                          1 calls
        0 ms  AfterResolveReferences                     1 calls
        0 ms  ExpandSDKReferences                        1 calls
        0 ms  ResolveSDKReferences                       1 calls
        0 ms  SetCABuildNativeEnvironmentVariables       1 calls
        0 ms  _CheckWindowsSDKInstalled                  1 calls
        0 ms  AddExternalIncludDirectoriesToPaths        1 calls
        0 ms  GetFrameworkPaths                          1 calls
        0 ms  ResolveProjectReferences                   1 calls
        0 ms  PrepareProjectReferences                   1 calls
        0 ms  _AddOutputPathToGlobalPropertiesToRemove   1 calls
        0 ms  _SplitProjectReferencesByFileExistence     1 calls
        0 ms  IgnoreJavaScriptOutputAssembly             1 calls
        0 ms  BeforeResolveReferences                    1 calls
        0 ms  _PrepareForReferenceResolution             1 calls
        0 ms  BuildGenerateSources                       1 calls
        0 ms  BuildCompileTraverse                       1 calls
        0 ms  _Xsd                                       1 calls
        0 ms  IncrementalClean                           1 calls
        0 ms  QtTranslation                              1 calls
        0 ms  QtQmlStaticGenerateImportFile              1 calls
        0 ms  AfterBuild                                 1 calls
        0 ms  QtUicInit                                  1 calls
        0 ms  BeforeClCompile                            1 calls
        0 ms  ComputeStdModulesCompileInputs             1 calls
        0 ms  ComputeReferenceCLInput                    1 calls
        0 ms  GetCopyToOutputDirectoryXamlAppDefs        1 calls
        0 ms  FindReferenceAssembliesForReferences       1 calls
        0 ms  GetReferencedVCProjectsInfo                1 calls
        0 ms  QtGetDefaultClCompile                      1 calls
        1 ms  GetReferenceAssemblyPaths                  1 calls
        1 ms  QtUicPrepare                               2 calls
        1 ms  MakeDirsForCl                              1 calls
        1 ms  ComputeCLCompileGeneratedSbrFiles          1 calls
        1 ms  ComputeLinkSwitches                        1 calls
        1 ms  AssignTargetPaths                          1 calls
        1 ms  CopyFilesToOutputDirectory                 1 calls
        1 ms  ComputeCLOutputs                           1 calls
        1 ms  SetCppLanguageStandardCapabilities         1 calls
        1 ms  ResolvedXDCMake                            1 calls
        1 ms  SetBuildDefaultEnvironmentVariables        1 calls
        1 ms  ResolveAssemblyReferences                  1 calls
        1 ms  QtPrepareResourceCompilerDefines           1 calls
        1 ms  ComputeCLInputPDBName                      1 calls
        1 ms  QtQmlCacheLoader                           1 calls
        1 ms  AssignProjectConfiguration                 1 calls
        1 ms  _PrepareForBuild                           1 calls
        1 ms  ComputeLegacyManifestEmbedding             1 calls
        1 ms  _GetCopyToOutputDirectoryItemsFromThisProject   1 calls
        1 ms  QtQmlCreateItems                           1 calls
        1 ms  GetResolvedWinMD                           1 calls
        1 ms  FinalizeBuildStatus                        1 calls
        1 ms  ComputeLinkInputsFromProject               1 calls
        2 ms  QtQmlCachePrepare                          1 calls
        2 ms  CopyFileToFolders                          1 calls
        2 ms  QtMocInit                                  1 calls
        2 ms  _CleanGetCurrentAndPriorFileWrites         1 calls
        2 ms  _CalculatePostXamarinTelemetry             1 calls
        2 ms  GetCopyToOutputDirectoryItems              1 calls
        2 ms  WarnCompileDuplicatedFilename              1 calls
        3 ms  QtVars                                     1 calls
        3 ms  QtRcc                                      1 calls
        3 ms  QtVarsLoad                                 1 calls
        3 ms  SplitResourcesByCulture                    1 calls
        4 ms  _GetProjectReferenceTargetFrameworkProperties   1 calls
        6 ms  InitializeBuildStatus                      1 calls
        6 ms  QtPrepare                                  1 calls
        7 ms  TlogCleanup                                1 calls
        7 ms  CustomBuild                                1 calls
        9 ms  QtMocSetModified                          48 calls
        9 ms  SetTelemetryEnvironmentVariables           1 calls
       10 ms  PrepareForBuild                            1 calls
       11 ms  ResourceCompile                            1 calls
       15 ms  _CheckForInvalidConfigurationAndPlatform   1 calls
       17 ms  CreateRecipeFile                           1 calls
       30 ms  QtMocOverrideCpp                          48 calls
       31 ms  QtWorkPrepare                             51 calls
       33 ms  FixupCLCompileOptions                      1 calls
       38 ms  QtVarsRead                                 1 calls
       43 ms  QtVarsPrepare                              1 calls
      152 ms  QtQmlStaticGatherQmlPaths                  1 calls
      194 ms  QtAddCompilerSources                       1 calls
      226 ms  QtMoc                                     48 calls
      249 ms  QtHash                                     1 calls
      303 ms  QtUic                                      2 calls
      498 ms  QtUpdateCompilerOptions                    1 calls
      786 ms  QtWork                                     1 calls
     8967 ms  Link                                       1 calls
    54816 ms  ClCompile                                  1 calls

Task Performance Summary:
        0 ms  SetRidAgnosticValueForProjects             1 calls
        0 ms  AssignCulture                              1 calls
        0 ms  Delete                                     2 calls
        0 ms  FindUnderPath                              5 calls
        0 ms  ConvertToAbsolutePath                      1 calls
        1 ms  XmlPeek                                    1 calls
        1 ms  SetEnv                                    13 calls
        1 ms  RemoveDuplicates                           2 calls
        1 ms  AssignProjectConfiguration                 1 calls
        1 ms  ListQrc                                    2 calls
        1 ms  CallTarget                                 2 calls
        2 ms  MakeDir                                   13 calls
        2 ms  Message                                   24 calls
        2 ms  AssignTargetPath                           7 calls
        2 ms  CheckVCToolsetVersion                      1 calls
        3 ms  VCMessage                                  1 calls
        3 ms  ReadLinesFromFile                          4 calls
        3 ms  Touch                                      2 calls
        6 ms  CleanupStaleTlogItems                      1 calls
        6 ms  HostTranslatePaths                        39 calls
        7 ms  CreateProperty                            80 calls
        7 ms  GetItemHash                               52 calls
        9 ms  GetOutOfDateItems                          3 calls
       10 ms  FindInList                                48 calls
       10 ms  RC                                         1 calls
       13 ms  Expand                                     1 calls
       17 ms  GenerateDesktopDeployRecipe                1 calls
       28 ms  WriteLinesToFile                          55 calls
       44 ms  MSBuild                                    3 calls
       51 ms  Flatten                                   40 calls
      122 ms  QtRunTask                                  1 calls
      565 ms  QtRunWork                                  1 calls
     8955 ms  Link                                       1 calls
    54804 ms  CL                                         3 calls

Build succeeded.
    0 Warning(s)
    0 Error(s)

Time Elapsed 00:01:06.49
